id_rrhh,id_fecha,total_empleados,empleados_nuevos,empleados_baja,liderazgo_femenino,liderazgo_masculino,satisfaccion_empleados
1,20230101,42,1,0,11,8,8.4
2,20230102,45,2,1,6,11,6.6
3,20230103,55,0,0,12,7,7.3
4,20230104,56,0,0,7,8,7.7
5,20230105,41,1,1,10,8,7.7
6,20230106,44,1,1,11,5,7.8
7,20230107,59,2,1,14,10,7.2
8,20230108,59,1,1,5,14,7.5
9,20230109,51,1,1,12,8,7.6
10,20230110,57,0,0,11,13,8.2
11,20230111,44,0,1,12,8,6.9
12,20230112,49,0,0,11,7,6.9
13,20230113,44,2,0,14,10,7.7
14,20230114,44,0,1,13,9,8.1
15,20230115,42,2,1,7,10,6.9
16,20230116,49,1,1,8,14,8.3
17,20230117,41,0,1,9,13,6.8
18,20230118,48,0,1,13,6,6.8
19,20230119,52,2,0,14,13,6.9
20,20230120,49,2,0,6,10,7.9
21,20230121,49,1,0,12,7,8.0
22,20230122,53,1,0,7,10,6.6
23,20230123,58,2,1,10,12,8.3
24,20230124,53,1,1,8,12,8.1
25,20230125,59,1,1,13,8,6.7
26,20230126,55,0,1,13,11,7.5
27,20230127,48,0,1,10,11,7.1
28,20230128,59,0,1,12,7,7.8
29,20230129,55,1,0,11,6,7.0
30,20230130,41,1,0,11,12,6.8
31,20230131,47,2,1,10,6,7.6
32,20230201,41,1,1,7,6,8.0
33,20230202,45,1,0,9,5,6.9
34,20230203,54,2,0,7,10,7.7
35,20230204,53,0,1,14,12,8.2
36,20230205,45,2,0,14,10,7.6
37,20230206,57,1,1,12,6,8.3
38,20230207,51,1,0,10,9,8.2
39,20230208,54,1,0,14,11,8.1
40,20230209,46,2,0,6,7,8.3
41,20230210,47,2,0,9,8,8.2
42,20230211,52,2,1,5,5,7.3
43,20230212,52,0,1,14,9,7.2
44,20230213,41,1,1,10,7,7.5
45,20230214,59,2,0,6,7,7.2
46,20230215,42,0,1,10,13,7.8
47,20230216,50,0,0,6,11,
48,20230217,43,0,1,6,5,6.6
49,20230218,56,2,0,6,11,7.2
50,20230219,51,0,0,14,6,6.8
51,20230220,57,1,0,9,14,8.2
52,20230221,50,2,0,14,8,7.0
53,20230222,45,2,0,6,9,8.0
54,20230223,44,2,1,11,14,7.6
55,20230224,59,1,0,14,12,8.4
56,20230225,42,2,1,8,9,7.0
57,20230226,50,1,1,12,5,
58,20230227,58,0,1,8,5,7.4
59,20230228,41,0,1,13,14,7.4
60,20230301,57,2,0,8,11,7.7
61,20230302,57,2,1,14,7,
62,20230303,46,2,0,12,7,6.6
63,20230304,58,1,0,9,12,7.0
64,20230305,51,1,0,10,14,7.2
65,20230306,50,0,1,10,14,6.7
66,20230307,40,0,1,9,5,7.1
67,20230308,52,1,0,9,11,6.7
68,20230309,40,2,0,9,11,6.6
69,20230310,41,0,1,13,13,8.0
70,20230311,59,0,0,6,11,8.5
71,20230312,46,0,1,9,11,8.3
72,20230313,53,0,1,6,9,6.6
73,20230314,50,1,1,6,10,6.9
74,20230315,42,0,1,10,6,7.2
75,20230316,40,0,1,11,5,7.4
76,20230317,41,1,0,5,12,6.8
77,20230318,41,0,1,5,8,8.1
78,20230319,56,2,0,13,5,7.3
79,20230320,58,1,1,7,12,8.4
80,20230321,48,0,0,9,11,7.2
81,20230322,43,1,0,10,10,7.4
82,20230323,58,2,0,11,5,7.3
83,20230324,56,0,0,10,9,8.5
84,20230325,58,2,1,10,12,7.0
85,20230326,40,0,0,6,9,7.6
86,20230327,54,2,1,14,7,8.0
87,20230328,43,0,0,7,8,7.2
88,20230329,42,0,1,10,6,8.1
89,20230330,40,1,0,10,6,7.2
90,20230331,55,0,0,5,11,7.9
91,20230401,56,2,1,13,6,8.1
92,20230402,41,2,1,10,10,7.8
93,20230403,46,2,1,10,11,7.1
94,20230404,54,0,0,9,14,7.7
95,20230405,46,1,1,8,5,7.0
96,20230406,53,2,1,12,14,7.4
97,20230407,45,0,0,13,10,7.5
98,20230408,44,1,1,6,10,7.3
99,20230409,46,2,1,13,12,6.9
100,20230410,50,2,0,12,8,7.5
101,20230411,47,1,0,11,6,8.2
102,20230412,50,2,0,6,9,8.2
103,20230413,43,0,0,10,6,7.0
104,20230414,53,0,1,6,12,7.9
105,20230415,43,0,0,14,12,8.0
106,20230416,46,1,1,5,5,8.5
107,20230417,41,2,0,12,6,6.5
108,20230418,44,1,1,10,12,7.8
109,20230419,59,2,1,6,13,6.9
110,20230420,45,0,1,12,11,6.5
111,20230421,48,0,1,12,12,7.6
112,20230422,49,2,0,7,9,8.4
113,20230423,47,2,0,10,10,8.2
114,20230424,58,2,1,7,8,7.9
115,20230425,47,0,0,13,10,6.6
116,20230426,52,0,0,12,14,7.2
117,20230427,58,2,1,5,14,8.3
118,20230428,58,2,1,11,10,6.7
119,20230429,45,0,0,11,6,7.6
120,20230430,41,1,1,8,11,8.0
121,20230501,46,2,0,5,13,8.0
122,20230502,43,2,1,13,5,8.2
123,20230503,42,2,1,6,5,7.5
124,20230504,42,0,1,5,13,6.7
125,20230505,53,1,1,10,5,7.2
126,20230506,42,1,0,5,13,8.3
127,20230507,54,0,0,7,13,8.3
128,20230508,58,2,1,10,13,7.0
129,20230509,45,0,0,12,14,7.2
130,20230510,43,1,0,13,7,7.0
131,20230511,51,1,1,12,13,7.8
132,20230512,47,0,1,9,14,6.7
133,20230513,59,0,1,8,8,7.3
134,20230514,59,1,1,6,10,7.3
135,20230515,48,2,0,11,7,8.3
136,20230516,49,2,1,11,12,8.2
137,20230517,44,1,1,5,10,7.6
138,20230518,56,1,1,11,5,6.5
139,20230519,59,2,1,10,7,8.3
140,20230520,48,1,0,9,5,8.2
141,20230521,42,2,0,13,12,8.1
142,20230522,52,2,1,9,5,7.3
143,20230523,54,2,0,7,10,7.4
144,20230524,56,1,1,12,8,7.7
145,20230525,57,0,0,7,7,8.4
146,20230526,46,1,0,9,8,7.8
147,20230527,46,1,1,6,9,7.6
148,20230528,52,0,0,9,11,6.9
149,20230529,53,0,0,8,7,6.7
150,20230530,48,2,1,5,12,7.3
151,20230531,49,2,1,5,5,7.7
152,20230601,51,1,1,13,6,7.4
153,20230602,49,0,1,14,7,7.5
154,20230603,56,2,0,10,10,8.4
155,20230604,52,2,1,5,9,7.0
156,20230605,46,2,0,5,6,7.6
157,20230606,56,0,1,12,6,6.6
158,20230607,41,1,0,14,14,7.7
159,20230608,47,2,1,5,7,6.5
160,20230609,43,2,1,5,14,8.5
161,20230610,49,1,0,14,9,8.1
162,20230611,43,1,1,12,5,7.1
163,20230612,52,0,0,12,6,8.5
164,20230613,53,1,1,11,10,6.9
165,20230614,44,1,0,10,10,7.2
166,20230615,41,1,1,8,6,8.0
167,20230616,56,2,0,14,14,7.1
168,20230617,41,1,0,8,7,6.9
169,20230618,42,1,1,8,5,7.5
170,20230619,40,1,1,9,10,8.2
171,20230620,49,2,0,12,10,7.4
172,20230621,42,1,0,8,6,6.7
173,20230622,53,0,0,11,13,7.7
174,20230623,41,1,0,6,13,7.5
175,20230624,43,0,0,14,6,6.9
176,20230625,59,1,0,5,11,7.7
177,20230626,50,0,1,12,5,8.2
178,20230627,45,0,1,13,10,7.4
179,20230628,44,2,1,5,6,8.2
180,20230629,57,1,0,8,7,7.2
181,20230630,57,1,1,14,10,7.4
182,20230701,51,1,0,14,14,7.1
183,20230702,52,2,1,12,9,7.4
184,20230703,54,0,0,8,6,7.6
185,20230704,57,1,0,6,14,7.0
186,20230705,50,1,0,8,13,8.1
187,20230706,46,2,1,5,14,7.3
188,20230707,41,0,1,14,6,6.6
189,20230708,41,2,1,8,13,7.9
190,20230709,56,2,0,9,9,6.6
191,20230710,41,2,0,7,5,7.0
192,20230711,43,1,1,9,13,7.5
193,20230712,49,0,1,11,6,8.5
194,20230713,57,2,0,7,11,6.8
195,20230714,40,2,1,9,13,7.1
196,20230715,50,1,0,10,7,6.5
197,20230716,51,2,0,9,10,8.3
198,20230717,51,1,1,11,7,6.6
199,20230718,48,0,1,14,14,7.9
200,20230719,42,1,0,6,10,7.5
201,20230720,40,0,1,5,14,8.4
202,20230721,57,1,0,6,12,7.4
203,20230722,41,1,0,6,14,7.6
204,20230723,52,2,1,10,8,8.3
205,20230724,56,1,0,5,10,7.7
206,20230725,47,2,1,7,10,8.3
207,20230726,54,0,1,12,14,6.5
208,20230727,56,2,1,11,13,6.6
209,20230728,53,1,0,13,8,8.3
210,20230729,59,0,1,6,7,7.2
211,20230730,57,0,0,8,8,7.8
212,20230731,41,2,0,7,10,7.5
213,20230801,59,2,0,10,11,6.8
214,20230802,40,1,1,9,8,6.5
215,20230803,40,1,1,12,13,8.5
216,20230804,53,2,1,8,9,7.7
217,20230805,50,2,0,6,11,7.2
218,20230806,50,2,0,8,9,7.7
219,20230807,54,0,1,14,7,7.7
220,20230808,40,1,0,10,12,7.0
221,20230809,40,1,0,13,13,7.2
222,20230810,54,2,1,10,11,6.9
223,20230811,58,2,1,6,14,6.7
224,20230812,40,1,1,11,9,7.5
225,20230813,50,2,0,7,13,7.6
226,20230814,50,2,1,10,12,6.8
227,20230815,59,1,0,9,5,7.7
228,20230816,59,1,0,13,5,7.3
229,20230817,47,1,1,9,6,6.5
230,20230818,58,1,1,14,14,6.7
231,20230819,50,0,1,10,9,7.8
232,20230820,42,2,1,11,11,7.3
233,20230821,50,0,0,8,11,8.2
234,20230822,40,1,1,12,5,8.3
235,20230823,59,0,0,5,13,8.1
236,20230824,48,2,1,11,6,6.6
237,20230825,53,2,0,11,5,7.1
238,20230826,44,2,1,11,6,7.4
239,20230827,51,0,1,8,10,7.6
240,20230828,48,2,1,12,8,8.3
241,20230829,41,2,1,13,10,6.8
242,20230830,41,0,1,6,6,8.2
243,20230831,50,1,1,6,9,8.3
244,20230901,50,0,1,14,12,8.1
245,20230902,44,1,1,5,14,7.5
246,20230903,43,2,0,5,9,8.0
247,20230904,50,2,1,13,11,7.8
248,20230905,57,2,0,5,7,6.9
249,20230906,49,2,1,13,11,7.1
250,20230907,47,1,1,10,9,7.8
251,20230908,40,2,1,8,11,8.4
252,20230909,40,0,1,13,5,7.9
253,20230910,44,2,0,7,11,6.6
254,20230911,43,2,1,9,6,8.0
255,20230912,56,0,0,14,7,6.6
256,20230913,49,0,0,11,9,7.7
257,20230914,58,0,0,13,7,6.8
258,20230915,49,0,0,7,10,7.5
259,20230916,55,2,0,13,8,8.5
260,20230917,53,1,0,7,10,7.5
261,20230918,56,0,1,6,9,8.3
262,20230919,44,1,0,8,6,8.3
263,20230920,56,0,0,14,5,8.4
264,20230921,50,2,1,14,8,7.5
265,20230922,50,0,1,10,11,8.2
266,20230923,59,1,1,8,11,7.0
267,20230924,42,2,1,8,10,8.4
268,20230925,58,0,1,9,9,8.3
269,20230926,49,0,0,9,10,7.1
270,20230927,50,1,1,12,8,7.6
271,20230928,46,0,0,14,13,7.0
272,20230929,50,2,1,12,5,6.8
273,20230930,46,1,0,11,10,7.2
274,20231001,47,1,0,6,8,6.8
275,20231002,45,1,1,9,8,8.0
276,20231003,53,0,1,12,9,7.8
277,20231004,54,1,1,5,9,8.3
278,20231005,42,2,0,5,13,8.0
279,20231006,45,0,1,14,9,6.5
280,20231007,41,2,1,12,6,6.7
281,20231008,54,2,0,6,7,7.1
282,20231009,59,2,1,6,12,7.8
283,20231010,45,0,1,5,9,7.8
284,20231011,56,1,0,10,14,
285,20231012,41,0,0,12,7,8.1
286,20231013,55,1,1,8,11,7.1
287,20231014,50,1,1,10,12,7.7
288,20231015,41,2,0,9,10,7.0
289,20231016,42,2,1,10,11,6.6
290,20231017,40,1,1,6,6,6.9
291,20231018,42,2,0,9,12,7.5
292,20231019,47,1,1,13,14,7.6
293,20231020,45,1,1,13,5,8.1
294,20231021,55,1,0,10,10,8.2
295,20231022,45,2,1,9,8,7.3
296,20231023,41,0,0,11,11,7.7
297,20231024,51,2,1,14,9,
298,20231025,41,0,1,6,11,8.0
299,20231026,49,0,0,7,5,8.3
300,20231027,47,1,0,10,10,
301,20231028,54,0,1,7,13,7.9
302,20231029,47,1,0,13,6,7.4
303,20231030,45,0,0,14,9,7.6
304,20231031,55,0,1,5,14,7.2
305,20231101,47,1,0,7,14,8.4
306,20231102,46,1,1,12,6,7.5
307,20231103,54,0,0,12,6,6.8
308,20231104,48,0,1,9,12,7.3
309,20231105,47,1,0,6,7,6.6
310,20231106,44,2,0,13,9,7.1
311,20231107,54,1,1,6,10,7.1
312,20231108,59,2,1,5,5,
313,20231109,59,0,1,6,10,7.9
314,20231110,45,2,0,14,8,7.6
315,20231111,44,0,1,13,7,7.9
316,20231112,58,0,0,9,14,7.0
317,20231113,45,0,0,12,5,8.3
318,20231114,52,1,1,7,13,8.2
319,20231115,41,1,0,9,14,7.0
320,20231116,56,0,1,14,7,7.6
321,20231117,56,0,0,10,13,7.3
322,20231118,53,0,0,13,8,7.4
323,20231119,49,2,0,14,14,7.6
324,20231120,59,2,0,10,6,6.9
325,20231121,43,0,0,12,10,7.0
326,20231122,44,0,1,10,8,7.7
327,20231123,50,1,0,7,14,7.0
328,20231124,48,2,0,8,12,7.7
329,20231125,50,0,0,8,10,7.0
330,20231126,47,2,1,5,7,7.4
331,20231127,55,0,1,9,14,8.5
332,20231128,44,0,1,14,5,8.2
333,20231129,52,1,1,8,11,7.7
334,20231130,59,1,1,13,13,8.2
335,20231201,54,1,0,7,11,8.2
336,20231202,45,1,1,7,14,7.3
337,20231203,47,0,0,10,6,7.5
338,20231204,47,1,1,12,9,7.3
339,20231205,52,2,0,5,10,7.1
340,20231206,41,2,0,8,14,7.4
341,20231207,50,1,1,7,6,7.2
342,20231208,53,1,0,5,9,7.3
343,20231209,57,2,1,9,11,7.6
344,20231210,51,1,0,13,5,6.5
345,20231211,52,1,0,5,10,7.6
346,20231212,43,1,0,6,9,7.0
347,20231213,44,2,1,6,11,7.1
348,20231214,55,2,1,7,5,
349,20231215,50,0,1,8,9,8.3
350,20231216,46,0,0,10,11,8.0
351,20231217,44,2,0,7,11,7.1
352,20231218,45,2,1,9,12,8.1
353,20231219,59,1,1,5,5,7.6
354,20231220,44,1,1,14,11,6.8
355,20231221,57,0,0,14,6,6.7
356,20231222,46,1,1,9,9,7.6
357,20231223,40,2,1,10,5,6.8
358,20231224,41,0,0,6,11,8.4
359,20231225,43,0,0,9,9,7.6
360,20231226,49,2,1,5,13,7.6
361,20231227,41,1,0,6,10,8.0
362,20231228,51,2,0,6,6,8.4
363,20231229,55,1,0,7,8,8.0
364,20231230,54,0,1,12,13,6.6
365,20231231,48,1,1,14,10,8.1
366,20240101,53,1,0,11,8,8.5
367,20240102,51,0,1,13,9,6.6
368,20240103,58,2,0,11,12,8.3
369,20240104,53,0,1,8,9,7.5
370,20240105,52,1,0,5,11,7.7
371,20240106,42,2,1,6,7,6.6
372,20240107,47,1,1,13,10,6.6
373,20240108,58,2,1,12,6,6.8
374,20240109,54,1,1,9,13,7.0
375,20240110,56,2,0,5,9,7.9
376,20240111,55,0,0,10,6,6.8
377,20240112,55,1,1,12,13,6.9
378,20240113,51,0,0,5,12,6.7
379,20240114,48,1,1,14,14,8.3
380,20240115,49,1,1,7,9,6.9
381,20240116,43,2,0,5,14,7.7
382,20240117,50,0,1,5,9,
383,20240118,51,0,1,12,13,7.4
384,20240119,45,2,1,13,10,8.3
385,20240120,42,0,1,10,9,7.1
386,20240121,42,0,1,13,7,7.5
387,20240122,43,0,0,12,6,7.4
388,20240123,56,1,0,11,6,7.4
389,20240124,49,2,1,8,6,7.7
390,20240125,44,0,1,8,6,6.8
391,20240126,50,2,1,9,14,6.7
392,20240127,40,0,1,6,10,6.9
393,20240128,41,2,1,12,9,6.8
394,20240129,45,1,0,6,11,7.0
395,20240130,44,2,1,12,9,8.0
396,20240131,48,2,0,6,10,6.9
397,20240201,48,2,0,12,14,8.3
398,20240202,40,1,0,12,14,6.5
399,20240203,42,2,0,12,7,7.0
400,20240204,57,2,0,12,8,8.0
401,20240205,56,2,1,13,12,8.4
402,20240206,43,1,1,8,11,8.2
403,20240207,57,1,1,6,6,
404,20240208,44,0,1,6,9,7.0
405,20240209,42,0,0,10,7,7.4
406,20240210,42,1,0,9,6,8.3
407,20240211,56,1,0,14,7,7.3
408,20240212,56,2,0,8,10,7.6
409,20240213,54,0,0,6,13,7.1
410,20240214,53,0,0,6,14,7.2
411,20240215,47,2,0,5,13,7.3
412,20240216,40,2,0,5,7,7.2
413,20240217,41,0,0,5,8,7.3
414,20240218,41,1,0,8,12,8.4
415,20240219,40,2,0,10,13,6.8
416,20240220,56,2,1,10,14,7.6
417,20240221,58,2,1,8,5,7.6
418,20240222,56,2,1,13,13,8.0
419,20240223,47,2,0,9,8,7.1
420,20240224,53,1,1,13,12,7.6
421,20240225,46,0,0,5,12,7.9
422,20240226,54,0,0,9,10,7.2
423,20240227,52,2,1,11,11,7.0
424,20240228,57,1,0,5,11,6.6
425,20240229,47,0,1,6,8,7.4
426,20240301,42,1,1,10,9,7.4
427,20240302,44,2,1,11,6,7.9
428,20240303,49,0,0,7,10,7.5
429,20240304,41,2,1,9,13,8.4
430,20240305,53,1,1,11,7,6.7
431,20240306,49,1,1,7,14,7.6
432,20240307,47,0,1,10,9,7.9
433,20240308,48,0,1,11,13,6.8
434,20240309,41,2,1,10,8,8.1
435,20240310,41,2,1,11,11,
436,20240311,55,2,0,14,9,7.1
437,20240312,54,0,0,8,8,6.6
438,20240313,58,0,1,12,9,6.6
439,20240314,46,2,1,12,10,8.2
440,20240315,51,2,1,9,9,
441,20240316,51,1,1,11,8,6.7
442,20240317,52,0,1,5,9,7.2
443,20240318,58,2,1,8,5,8.1
444,20240319,54,2,1,14,5,7.2
445,20240320,59,2,0,14,8,8.0
446,20240321,46,0,1,12,12,6.7
447,20240322,46,1,0,5,7,7.8
448,20240323,58,2,0,9,5,8.4
449,20240324,51,2,0,5,11,8.0
450,20240325,42,2,0,7,14,7.4
451,20240326,59,0,1,8,14,7.8
452,20240327,50,1,0,12,9,7.8
453,20240328,43,1,0,14,8,8.1
454,20240329,49,1,1,6,7,8.5
455,20240330,56,0,0,8,8,6.6
456,20240331,46,1,1,7,13,7.2
457,20240401,50,1,1,11,10,7.1
458,20240402,40,2,1,8,7,8.1
459,20240403,42,1,1,9,10,7.1
460,20240404,51,0,0,12,9,7.1
461,20240405,47,0,0,14,14,7.2
462,20240406,45,1,1,8,6,7.3
463,20240407,49,2,1,8,12,8.0
464,20240408,48,0,1,9,5,8.4
465,20240409,48,2,1,6,8,7.0
466,20240410,50,0,1,13,12,6.8
467,20240411,49,2,1,7,5,8.4
468,20240412,47,0,1,11,6,7.6
469,20240413,48,0,0,8,12,8.3
470,20240414,57,2,0,7,5,8.1
471,20240415,42,2,1,12,6,8.0
472,20240416,57,2,1,13,10,8.5
473,20240417,53,0,1,14,9,7.8
474,20240418,49,0,1,8,11,7.1
475,20240419,53,2,1,12,6,7.1
476,20240420,58,2,1,13,10,8.3
477,20240421,59,1,0,6,6,7.3
478,20240422,46,0,1,7,13,6.9
479,20240423,51,0,1,5,9,8.2
480,20240424,44,0,0,14,11,8.2
481,20240425,42,0,1,12,12,8.4
482,20240426,50,0,1,13,11,7.0
483,20240427,57,0,0,8,10,8.3
484,20240428,42,1,1,9,8,8.4
485,20240429,57,2,0,7,10,7.2
486,20240430,56,1,0,11,6,7.9
487,20240501,51,2,1,13,6,7.3
488,20240502,45,2,1,11,11,6.8
489,20240503,57,0,1,9,5,7.5
490,20240504,54,1,0,10,12,8.2
491,20240505,41,2,0,14,10,7.9
492,20240506,40,0,1,9,9,7.5
493,20240507,42,0,1,6,6,8.4
494,20240508,51,1,1,13,8,8.2
495,20240509,51,0,0,8,10,8.4
496,20240510,50,0,0,13,9,7.6
497,20240511,44,0,1,12,11,7.7
498,20240512,49,1,0,6,8,8.3
499,20240513,58,0,0,6,12,6.7
500,20240514,42,0,0,10,5,6.5
501,20240515,45,0,0,8,5,7.0
502,20240516,56,0,0,13,13,8.1
503,20240517,55,0,1,7,6,7.5
504,20240518,46,1,0,10,6,6.9
505,20240519,46,0,1,7,9,7.3
506,20240520,50,1,0,8,14,7.4
507,20240521,52,2,1,14,13,
508,20240522,55,2,1,7,13,6.5
509,20240523,52,1,1,7,9,6.6
510,20240524,48,0,1,13,13,6.8
511,20240525,41,2,0,7,12,7.9
512,20240526,57,1,0,11,12,7.8
513,20240527,52,1,1,8,7,7.7
514,20240528,56,2,0,7,11,7.7
515,20240529,50,0,1,9,12,8.4
516,20240530,41,2,1,7,14,7.6
517,20240531,43,0,1,8,6,7.3
518,20240601,52,2,0,14,14,6.9
519,20240602,58,0,1,10,12,7.3
520,20240603,52,2,1,11,12,7.3
521,20240604,42,1,0,13,7,8.4
522,20240605,57,1,0,10,12,7.4
523,20240606,59,0,0,10,8,7.3
524,20240607,42,2,0,14,10,8.2
525,20240608,50,2,0,6,13,7.6
526,20240609,50,0,0,10,13,7.1
527,20240610,43,0,1,11,7,8.5
528,20240611,43,1,0,5,8,7.8
529,20240612,41,2,1,13,9,7.4
530,20240613,41,1,1,8,12,7.7
531,20240614,55,1,1,14,12,7.8
532,20240615,40,2,1,13,10,6.9
533,20240616,58,2,0,7,13,8.0
534,20240617,56,2,1,8,11,6.5
535,20240618,57,2,1,11,6,7.4
536,20240619,43,0,0,6,9,8.3
537,20240620,43,2,0,6,5,7.9
538,20240621,55,1,1,12,6,6.8
539,20240622,48,2,1,8,9,6.7
540,20240623,59,0,1,14,6,6.6
541,20240624,49,0,1,8,13,8.1
542,20240625,59,0,0,6,14,6.8
543,20240626,54,1,0,10,7,6.6
544,20240627,48,1,0,11,6,8.1
545,20240628,47,0,1,9,12,8.3
546,20240629,51,1,1,5,13,7.9
547,20240630,55,0,0,8,9,8.4
548,20240701,40,2,1,6,11,7.2
549,20240702,45,1,0,5,5,8.0
550,20240703,58,1,0,10,14,8.4
551,20240704,43,1,1,11,5,7.6
552,20240705,56,1,1,5,13,
553,20240706,56,0,0,10,12,8.0
554,20240707,56,0,0,7,7,6.9
555,20240708,45,2,0,13,5,8.3
556,20240709,42,1,0,7,8,6.7
557,20240710,50,2,1,14,12,8.5
558,20240711,51,1,1,10,10,6.6
559,20240712,51,0,1,6,9,6.6
560,20240713,53,2,0,5,6,6.6
561,20240714,41,1,0,8,8,8.3
562,20240715,40,0,0,8,14,8.5
563,20240716,53,1,0,8,6,7.2
564,20240717,52,0,0,5,11,6.9
565,20240718,44,1,1,6,9,7.4
566,20240719,45,2,0,11,8,7.0
567,20240720,58,1,1,12,13,7.2
568,20240721,56,1,1,8,11,6.7
569,20240722,46,1,1,6,10,6.9
570,20240723,57,2,0,13,11,7.0
571,20240724,40,1,1,9,10,7.8
572,20240725,50,0,0,7,9,6.8
573,20240726,48,2,1,10,13,7.2
574,20240727,53,2,0,9,14,6.6
575,20240728,54,1,1,12,5,8.0
576,20240729,51,2,1,12,5,8.2
577,20240730,52,1,1,6,12,8.2
578,20240731,52,0,1,7,14,8.0
579,20240801,40,0,1,9,11,7.6
580,20240802,58,1,0,9,12,8.1
581,20240803,47,2,0,9,12,7.6
582,20240804,59,0,0,5,14,8.4
583,20240805,44,1,1,8,13,8.2
584,20240806,57,2,0,6,13,8.0
585,20240807,51,2,1,13,11,7.2
586,20240808,51,0,0,7,5,6.8
587,20240809,59,0,0,9,7,8.2
588,20240810,49,0,0,6,12,7.9
589,20240811,49,2,1,7,12,8.1
590,20240812,45,0,1,12,7,7.1
591,20240813,50,0,0,6,7,6.9
592,20240814,46,1,0,11,6,7.3
593,20240815,44,2,0,8,14,6.7
594,20240816,54,2,0,9,13,7.6
595,20240817,41,2,1,12,6,7.1
596,20240818,45,1,1,12,8,7.9
597,20240819,46,0,1,5,13,8.0
598,20240820,57,1,1,14,8,7.6
599,20240821,55,1,1,10,12,6.9
600,20240822,47,2,1,13,13,8.1
601,20240823,42,2,0,13,5,6.6
602,20240824,42,0,0,7,14,7.2
603,20240825,51,0,1,11,6,6.9
604,20240826,45,2,1,10,10,7.7
605,20240827,53,1,1,7,12,7.3
606,20240828,43,1,1,11,7,7.0
607,20240829,43,0,1,11,7,7.3
608,20240830,58,1,0,9,8,7.0
609,20240831,52,1,1,11,14,8.4
610,20240901,53,1,0,6,8,7.0
611,20240902,47,0,1,13,9,7.6
612,20240903,40,1,1,13,12,8.2
613,20240904,46,1,0,8,10,6.6
614,20240905,48,1,0,6,10,7.3
615,20240906,44,1,0,8,11,7.4
616,20240907,57,0,0,13,11,8.4
617,20240908,45,1,1,13,13,8.5
618,20240909,56,0,1,5,14,7.8
619,20240910,59,2,0,6,7,8.1
620,20240911,44,0,0,8,5,6.6
621,20240912,54,1,0,8,12,7.0
622,20240913,52,2,1,9,10,8.0
623,20240914,58,2,1,8,6,6.7
624,20240915,51,0,1,7,10,6.6
625,20240916,59,0,1,8,13,6.8
626,20240917,49,2,1,13,13,7.5
627,20240918,58,0,1,5,10,8.2
628,20240919,41,0,0,11,7,6.7
629,20240920,56,0,1,9,14,6.8
630,20240921,48,2,0,8,5,7.8
631,20240922,55,1,0,6,10,6.6
632,20240923,41,2,1,6,7,7.3
633,20240924,52,1,1,6,11,6.9
634,20240925,51,2,1,5,8,6.8
635,20240926,47,2,0,8,13,7.6
636,20240927,54,2,1,13,10,7.9
637,20240928,43,1,1,8,12,7.8
638,20240929,49,2,0,7,8,8.5
639,20240930,46,0,0,12,6,7.6
640,20241001,58,1,1,10,14,7.8
641,20241002,51,1,0,8,7,7.8
642,20241003,51,2,1,9,7,7.8
643,20241004,57,2,1,10,14,8.0
644,20241005,56,0,0,5,13,7.0
645,20241006,52,1,0,7,5,6.5
646,20241007,40,2,1,12,7,7.8
647,20241008,45,0,0,5,13,7.2
648,20241009,59,1,1,9,8,6.6
649,20241010,53,0,1,6,11,6.9
650,20241011,51,1,0,8,13,7.1
651,20241012,42,2,1,9,13,7.3
652,20241013,50,2,1,13,13,7.1
653,20241014,59,0,0,10,5,6.8
654,20241015,47,1,0,7,10,8.0
655,20241016,52,0,1,8,8,7.8
656,20241017,46,2,0,5,8,8.4
657,20241018,58,2,1,5,12,7.1
658,20241019,49,1,1,6,5,7.3
659,20241020,50,2,1,9,11,7.0
660,20241021,58,2,0,14,5,8.0
661,20241022,43,0,0,6,5,7.4
662,20241023,59,1,1,11,10,
663,20241024,51,1,0,8,9,8.3
664,20241025,44,0,0,14,7,7.0
665,20241026,41,2,1,12,7,8.1
666,20241027,49,1,0,11,9,8.4
667,20241028,55,1,1,14,8,8.2
668,20241029,46,0,1,7,11,7.2
669,20241030,40,1,0,9,8,8.1
670,20241031,46,1,1,8,10,7.7
671,20241101,52,0,1,10,8,8.1
672,20241102,54,0,1,13,14,7.5
673,20241103,40,1,1,7,5,8.1
674,20241104,59,2,1,10,5,6.6
675,20241105,47,0,1,6,13,6.8
676,20241106,43,2,0,13,8,
677,20241107,45,0,0,9,5,7.4
678,20241108,42,0,1,12,13,7.2
679,20241109,53,2,0,7,10,8.0
680,20241110,57,2,0,8,8,7.1
681,20241111,53,2,1,6,6,7.7
682,20241112,50,1,1,9,12,8.0
683,20241113,45,1,1,12,6,7.1
684,20241114,43,1,0,12,11,7.0
685,20241115,59,0,1,10,11,
686,20241116,47,0,0,10,9,7.9
687,20241117,53,2,1,11,5,8.0
688,20241118,56,2,0,14,11,8.0
689,20241119,51,1,0,9,9,7.7
690,20241120,46,1,1,7,6,8.2
691,20241121,46,0,1,7,5,6.9
692,20241122,53,2,1,11,10,7.1
693,20241123,41,0,1,6,13,7.7
694,20241124,46,2,0,7,6,6.6
695,20241125,57,1,0,6,6,8.0
696,20241126,46,2,0,7,6,7.1
697,20241127,42,2,0,8,14,7.2
698,20241128,55,0,0,12,13,7.7
699,20241129,41,2,1,12,9,7.0
700,20241130,48,1,1,12,6,8.0
701,20241201,47,1,0,8,7,8.2
702,20241202,50,0,0,8,14,6.9
703,20241203,48,1,0,5,6,7.0
704,20241204,54,1,1,11,14,6.6
705,20241205,46,1,0,14,13,7.1
706,20241206,44,0,0,9,5,7.3
707,20241207,49,0,0,13,11,7.3
708,20241208,46,2,1,9,12,8.1
709,20241209,51,0,1,14,9,6.6
710,20241210,50,0,1,14,9,7.1
711,20241211,53,2,0,9,8,7.0
712,20241212,55,2,0,6,5,8.5
713,20241213,49,2,1,7,14,7.1
714,20241214,44,1,0,10,14,7.7
715,20241215,43,0,1,12,7,8.1
716,20241216,52,0,0,9,9,7.8
717,20241217,58,1,1,12,5,7.3
718,20241218,54,1,1,7,6,7.8
719,20241219,45,2,0,7,9,6.8
720,20241220,53,1,0,12,7,7.6
721,20241221,55,2,0,10,14,7.4
722,20241222,54,2,1,7,8,8.1
723,20241223,52,2,1,13,5,7.7
724,20241224,41,0,0,12,7,7.0
725,20241225,47,2,1,13,8,8.2
726,20241226,41,1,0,10,9,8.3
727,20241227,41,2,1,6,7,7.2
728,20241228,45,2,1,14,14,8.0
729,20241229,42,2,1,11,11,7.7
730,20241230,45,0,1,10,14,8.4
731,20241231,44,2,1,14,7,8.4
732,20250101,40,2,0,13,8,7.7
733,20250102,52,2,0,12,7,6.8
734,20250103,52,0,0,11,7,7.5
735,20250104,41,2,1,14,6,6.8
736,20250105,59,0,0,7,10,7.9
737,20250106,56,2,0,10,9,7.6
738,20250107,41,2,0,8,10,7.1
739,20250108,41,0,1,11,6,8.0
740,20250109,58,2,0,10,7,6.7
741,20250110,41,2,1,8,5,7.1
742,20250111,45,2,1,12,9,8.3
743,20250112,40,1,1,10,6,8.4
744,20250113,52,2,0,14,7,6.7
745,20250114,42,1,0,8,14,7.1
746,20250115,59,2,1,10,13,8.2
747,20250116,44,1,1,10,8,8.2
748,20250117,47,1,1,14,5,8.1
749,20250118,51,2,0,10,14,8.1
750,20250119,56,0,1,6,14,7.7
751,20250120,45,2,0,10,6,7.8
752,20250121,51,1,0,12,5,6.6
753,20250122,41,2,0,12,8,6.6
754,20250123,43,2,1,10,10,7.2
755,20250124,45,1,0,8,5,7.7
756,20250125,52,0,1,5,5,7.1
757,20250126,43,0,0,8,5,6.8
758,20250127,52,1,1,7,7,8.5
759,20250128,50,1,0,6,14,8.0
760,20250129,48,2,0,5,8,6.6
761,20250130,45,2,1,7,14,7.7
762,20250131,55,1,0,8,13,7.1
763,20250201,52,1,0,13,12,7.5
764,20250202,55,2,1,7,11,7.3
765,20250203,52,2,0,11,10,7.1
766,20250204,45,1,1,10,13,8.2
767,20250205,45,2,1,9,13,6.7
768,20250206,40,0,1,6,6,7.7
769,20250207,41,0,0,5,8,7.2
770,20250208,56,1,0,8,5,7.2
771,20250209,59,0,1,9,12,7.2
772,20250210,45,2,1,13,10,7.6
773,20250211,57,2,0,9,9,7.9
774,20250212,58,2,0,10,12,6.8
775,20250213,43,0,0,13,14,8.0
776,20250214,44,0,0,8,6,7.4
777,20250215,55,2,0,10,8,7.1
778,20250216,53,1,0,7,14,6.6
779,20250217,47,0,0,12,8,7.2
780,20250218,41,2,0,6,7,8.2
781,20250219,58,1,0,10,7,7.5
782,20250220,50,0,1,9,10,7.3
783,20250221,41,2,1,6,10,6.8
784,20250222,55,1,0,7,5,8.1
785,20250223,43,1,1,12,13,8.1
786,20250224,49,0,1,5,5,6.8
787,20250225,45,2,0,12,12,8.3
788,20250226,54,1,1,5,11,7.9
789,20250227,44,0,0,7,10,7.7
790,20250228,44,0,0,13,13,7.5
791,20250301,48,1,0,11,8,8.3
792,20250302,41,2,0,13,6,8.1
793,20250303,48,1,1,14,6,7.1
794,20250304,43,2,0,6,7,6.8
795,20250305,56,2,0,11,11,6.8
796,20250306,50,0,1,10,12,7.6
797,20250307,53,2,0,9,5,7.3
798,20250308,46,1,0,13,5,6.7
799,20250309,48,0,1,7,7,8.0
800,20250310,52,1,0,12,9,8.0
801,20250311,50,1,0,9,13,7.0
802,20250312,48,1,0,14,6,8.2
803,20250313,48,1,0,8,14,6.5
804,20250314,54,0,0,5,10,8.0
805,20250315,55,0,1,14,14,8.4
806,20250316,50,0,1,6,11,8.2
807,20250317,47,1,1,6,10,7.3
808,20250318,57,0,1,13,12,7.3
809,20250319,57,1,1,13,10,7.2
810,20250320,55,0,0,5,13,7.7
811,20250321,41,1,0,13,12,7.1
812,20250322,52,2,1,13,6,7.2
813,20250323,40,2,0,6,7,8.1
814,20250324,49,1,0,8,5,6.7
815,20250325,46,2,1,14,7,7.8
816,20250326,59,1,1,5,12,7.3
817,20250327,47,0,1,10,6,8.4
818,20250328,50,1,0,7,13,6.9
819,20250329,48,2,0,13,14,6.6
820,20250330,45,0,1,6,6,7.7
821,20250331,49,0,1,11,14,7.3
822,20250401,45,1,0,6,9,8.4
823,20250402,41,1,0,12,7,7.3
824,20250403,44,1,1,5,7,8.0
825,20250404,45,2,0,5,9,7.8
826,20250405,47,1,1,13,7,6.8
827,20250406,54,1,1,9,11,8.0
828,20250407,58,2,1,11,8,7.6
829,20250408,54,1,0,6,8,7.8
830,20250409,43,0,0,13,8,7.4
831,20250410,54,1,0,12,14,7.6
832,20250411,48,2,0,12,10,8.2
833,20250412,57,1,1,9,6,6.9
834,20250413,44,0,0,5,5,6.8
835,20250414,40,0,0,5,10,7.2
836,20250415,50,0,0,9,5,7.0
837,20250416,50,0,1,8,5,7.2
838,20250417,58,1,0,8,14,8.0
839,20250418,44,0,1,5,9,8.4
840,20250419,56,1,1,13,5,6.9
841,20250420,40,2,0,14,14,
842,20250421,45,0,0,6,6,8.0
843,20250422,47,2,0,8,10,6.7
844,20250423,50,0,1,9,10,7.9
845,20250424,47,0,0,14,14,6.8
846,20250425,42,1,0,10,10,8.0
847,20250426,52,1,0,11,8,8.4
848,20250427,57,1,1,10,9,8.2
849,20250428,52,2,1,12,12,7.8
850,20250429,42,0,0,8,10,8.0
851,20250430,48,1,1,14,7,7.6
852,20250501,47,0,0,7,13,
853,20250502,48,0,0,9,13,7.9
854,20250503,49,0,1,8,5,6.8
855,20250504,45,0,1,9,12,8.2
856,20250505,54,2,0,8,12,6.7
857,20250506,47,0,0,10,7,6.9
858,20250507,41,1,1,11,6,7.0
859,20250508,46,1,1,12,10,7.0
860,20250509,42,2,0,9,10,6.8
861,20250510,57,2,1,11,9,8.1
862,20250511,58,1,1,6,10,6.8
863,20250512,40,0,1,10,7,7.6
864,20250513,58,0,0,8,6,7.2
865,20250514,44,1,0,7,11,6.8
866,20250515,52,0,0,7,9,7.6
867,20250516,45,1,1,12,14,7.3
868,20250517,46,2,1,5,13,8.3
869,20250518,51,0,1,11,13,8.3
870,20250519,50,2,1,14,13,8.4
871,20250520,40,0,0,10,9,8.2
872,20250521,41,2,1,10,6,8.3
873,20250522,50,2,0,13,9,7.4
874,20250523,45,1,0,9,7,6.6
875,20250524,49,0,0,12,8,7.8
876,20250525,49,1,0,11,5,6.8
877,20250526,58,0,0,9,14,7.6
878,20250527,57,1,0,5,9,8.0
879,20250528,44,0,1,5,9,
880,20250529,58,0,1,10,13,6.6
881,20250530,57,1,0,7,10,7.2
882,20250531,42,2,1,10,13,6.6
883,20250601,44,2,1,5,10,8.3
884,20250602,43,0,0,5,6,7.6
885,20250603,58,2,1,13,14,8.2
886,20250604,44,2,0,7,9,7.2
887,20250605,55,1,0,8,9,7.8
888,20250606,54,0,0,14,12,8.3
889,20250607,54,2,0,8,11,7.8
890,20250608,51,1,0,11,13,7.6
891,20250609,45,1,0,12,11,6.9
892,20250610,47,1,1,6,7,7.5
893,20250611,47,2,0,6,12,7.7
894,20250612,48,0,0,14,9,8.0
895,20250613,42,1,0,14,5,7.2
896,20250614,58,2,0,10,7,7.0
897,20250615,46,1,0,12,10,8.5
898,20250616,46,0,1,11,9,
899,20250617,40,1,0,5,10,7.2
900,20250618,57,2,0,5,6,7.8
901,20250619,44,1,1,8,14,7.6
902,20250620,42,0,0,9,10,6.8
903,20250621,58,2,1,10,11,7.6
904,20250622,51,1,0,11,13,8.4
905,20250623,57,1,1,7,6,7.9
906,20250624,51,0,0,12,7,7.6
907,20250625,51,1,0,12,5,7.7
908,20250626,41,2,0,11,8,7.6
909,20250627,44,0,1,12,10,
910,20250628,44,0,0,13,11,6.9
911,20250629,42,0,1,14,12,7.3
912,20250630,57,1,1,12,9,7.1
913,20250701,46,2,1,12,13,8.2
914,20250702,56,2,1,10,7,8.3
915,20250703,48,1,1,5,7,6.6
916,20250704,43,1,1,5,6,8.4
917,20250705,49,2,0,8,13,7.4
918,20250706,53,0,1,12,5,7.5
919,20250707,59,0,0,9,10,6.8
920,20250708,52,2,0,8,10,6.6
921,20250709,44,2,1,11,8,7.8
922,20250710,58,0,0,8,10,7.4
923,20250711,53,0,0,14,13,7.7
924,20250712,40,2,1,6,9,7.8
925,20250713,40,2,0,8,14,7.0
926,20250714,42,1,1,7,9,7.2
927,20250715,44,2,0,10,12,7.7
928,20250716,44,2,1,10,11,6.6
929,20250717,51,2,1,7,10,7.6
930,20250718,41,2,0,7,8,6.6
931,20250719,56,2,0,6,12,6.5
932,20250720,58,2,1,6,11,
933,20250721,49,1,0,13,7,8.3
934,20250722,54,1,1,14,13,7.7
935,20250723,43,2,1,11,12,7.3
936,20250724,43,1,1,5,9,7.1
937,20250725,54,2,0,5,12,6.9
938,20250726,46,2,0,13,6,6.6
939,20250727,53,2,0,10,10,7.1
940,20250728,51,2,1,5,10,8.1
941,20250729,55,0,1,6,13,8.4
942,20250730,47,2,1,7,11,8.2
943,20250731,41,1,1,6,9,8.4
944,20250801,42,1,1,14,8,6.5
945,20250802,56,1,0,9,7,8.3
946,20250803,53,2,0,12,7,8.4
947,20250804,44,0,0,11,8,7.6
948,20250805,59,1,0,14,10,7.3
949,20250806,42,0,1,5,8,8.3
950,20250807,48,1,1,6,6,
951,20250808,51,0,0,9,6,8.1
952,20250809,58,0,0,9,11,6.9
953,20250810,45,0,1,7,13,8.2
954,20250811,56,1,0,13,13,6.6
955,20250812,45,0,0,5,9,7.9
956,20250813,42,2,0,9,5,8.5
957,20250814,53,2,1,9,11,
958,20250815,59,0,1,7,10,7.8
959,20250816,59,2,1,11,6,8.2
960,20250817,40,1,0,6,6,
961,20250818,57,1,0,7,5,8.3
962,20250819,59,0,1,11,7,7.6
963,20250820,42,0,0,6,8,7.7
964,20250821,40,1,1,13,5,6.6
965,20250822,54,0,0,9,5,8.4
966,20250823,49,0,1,6,13,8.3
967,20250824,52,1,0,11,9,6.7
968,20250825,59,0,0,7,12,8.2
969,20250826,53,1,1,7,6,7.4
970,20250827,56,2,0,5,12,7.7
971,20250828,47,0,1,10,9,7.4
972,20250829,45,0,0,13,8,8.5
973,20250830,43,2,0,5,6,6.8
974,20250831,42,0,0,5,12,8.0
975,20250901,49,2,1,7,9,7.9
976,20250902,50,0,0,7,7,6.7
977,20250903,44,2,0,6,11,7.7
978,20250904,42,0,1,11,13,6.7
979,20250905,43,2,1,11,11,7.7
980,20250906,51,0,1,7,14,7.8
981,20250907,40,2,0,9,5,
982,20250908,43,1,0,6,13,7.7
983,20250909,44,1,0,5,12,7.2
984,20250910,46,0,0,6,10,7.3
985,20250911,44,2,1,10,13,8.0
986,20250912,43,1,0,5,6,7.3
987,20250913,58,2,1,8,11,6.8
988,20250914,42,1,0,14,8,7.3
989,20250915,46,2,0,6,8,8.5
990,20250916,54,2,1,12,13,8.4
991,20250917,54,0,1,8,11,6.7
992,20250918,56,0,0,11,14,7.9
993,20250919,47,2,0,7,11,7.3
994,20250920,57,2,1,5,8,6.7
995,20250921,59,0,0,9,14,8.1
996,20250922,59,0,0,5,10,7.9
997,20250923,44,2,1,14,8,6.9
998,20250924,54,2,1,7,11,7.0
999,20250925,45,0,0,14,9,8.1
1000,20250926,51,2,0,12,12,
1001,20250927,59,1,0,6,9,6.8
1002,20250928,48,0,0,9,11,7.1
1003,20250929,57,1,1,6,8,6.7
1004,20250930,58,2,1,8,13,8.2
1005,20251001,47,2,0,10,7,8.1
1006,20251002,48,1,0,8,10,7.1
1007,20251003,56,0,0,12,13,6.8
1008,20251004,41,1,0,9,14,7.2
1009,20251005,42,1,1,5,11,8.4
1010,20251006,44,1,0,5,12,8.4
1011,20251007,46,0,1,6,14,7.6
1012,20251008,43,0,0,7,10,7.7
1013,20251009,46,2,0,13,10,7.1
1014,20251010,58,1,0,13,6,7.7
1015,20251011,41,0,0,7,8,6.9
1016,20251012,55,0,0,7,5,8.0
1017,20251013,41,1,1,9,9,6.6
1018,20251014,41,0,1,11,5,7.1
1019,20251015,50,0,0,14,10,8.2
1020,20251016,58,1,1,10,10,8.4
1021,20251017,41,0,1,5,8,7.1
1022,20251018,57,0,0,14,9,8.2
1023,20251019,42,0,0,8,13,6.5
1024,20251020,43,2,0,13,12,7.8
1025,20251021,50,0,0,7,14,7.6
1026,20251022,45,0,1,7,6,8.2
1027,20251023,47,2,1,10,7,7.3
1028,20251024,59,0,0,6,10,7.1
1029,20251025,52,1,0,11,10,7.1
1030,20251026,47,2,1,6,6,6.6
1031,20251027,49,1,0,14,5,7.2
1032,20251028,51,2,1,7,7,7.8
1033,20251029,51,2,1,13,10,8.5
1034,20251030,46,1,1,5,14,7.2
1035,20251031,46,2,0,6,12,7.4
1036,20251101,48,2,0,13,12,7.0
1037,20251102,54,0,0,14,5,7.1
1038,20251103,59,1,0,14,5,7.0
1039,20251104,42,1,1,13,6,7.7
1040,20251105,48,2,1,8,5,7.3
1041,20251106,58,0,1,11,13,7.8
1042,20251107,47,2,0,14,9,6.7
1043,20251108,47,0,1,14,6,8.3
1044,20251109,49,2,0,9,13,7.6
1045,20251110,56,1,0,14,11,8.4
1046,20251111,54,1,0,14,5,8.2
1047,20251112,41,2,1,9,13,8.0
1048,20251113,56,0,1,12,10,8.0
1049,20251114,45,2,0,8,14,7.2
1050,20251115,50,0,1,9,12,7.1
1051,20251116,53,0,1,11,5,7.0
1052,20251117,44,1,0,8,9,8.0
1053,20251118,52,0,1,11,14,7.1
1054,20251119,59,1,1,12,6,8.2
1055,20251120,47,2,0,14,6,6.5
1056,20251121,58,0,1,11,7,6.9
1057,20251122,56,0,0,11,6,7.8
1058,20251123,50,1,1,14,14,6.8
1059,20251124,53,2,0,11,5,7.0
1060,20251125,55,0,0,12,8,8.0
1061,20251126,46,1,1,5,8,7.6
1062,20251127,48,0,1,14,11,6.8
1063,20251128,52,1,1,5,8,7.1
1064,20251129,53,0,0,7,6,8.5
1065,20251130,41,1,0,10,10,6.9
1066,20251201,49,1,1,10,13,6.8
1067,20251202,41,2,1,14,7,7.8
1068,20251203,45,0,1,11,5,8.0
1069,20251204,59,0,0,7,11,7.6
1070,20251205,56,1,0,7,5,8.2
1071,20251206,57,1,1,13,14,7.8
1072,20251207,59,0,0,6,6,6.9
1073,20251208,57,1,1,13,12,7.3
1074,20251209,49,0,0,14,13,7.3
1075,20251210,50,2,1,14,6,7.3
1076,20251211,41,2,0,12,12,8.3
1077,20251212,58,0,1,12,11,7.3
1078,20251213,57,2,1,9,14,8.1
1079,20251214,46,2,0,14,8,8.2
1080,20251215,48,0,1,9,14,7.0
1081,20251216,55,1,0,8,13,7.4
1082,20251217,41,1,1,10,5,
1083,20251218,59,2,1,8,14,8.3
1084,20251219,54,0,1,5,10,8.5
1085,20251220,46,1,1,6,9,7.3
1086,20251221,44,1,1,6,9,8.1
1087,20251222,42,1,1,6,6,7.8
1088,20251223,49,1,1,6,7,6.9
1089,20251224,45,2,0,8,10,7.5
1090,20251225,44,0,1,5,11,
1091,20251226,40,1,1,11,9,7.0
1092,20251227,58,0,1,10,11,7.1
1093,20251228,45,0,1,8,7,6.7
1094,20251229,46,0,0,5,9,7.5
1095,20251230,47,1,0,14,5,7.6
1096,20251231,57,2,0,14,6,7.2
1097,20240111,55,0,0,10,6,6.8
1098,20230309,40,2,0,9,11,6.6
1099,20240626,54,1,0,10,7,6.6
1100,20230111,44,0,1,12,8,6.9
1101,20241106,43,2,0,13,8,
1102,20240716,53,1,0,8,6,7.2
1103,20230919,44,1,0,8,6,8.3
1104,20230303,46,2,0,12,7,6.6
1105,20231016,42,2,1,10,11,6.6
1106,20230910,44,2,0,7,11,6.6
1107,20240904,46,1,0,8,10,6.6
1108,20240529,50,0,1,9,12,8.4
1109,20240809,59,0,0,9,7,8.2
1110,20240106,42,2,1,6,7,6.6
1111,20240828,43,1,1,11,7,7.0
