id_ambiental,id_fecha,consumo_kwh,consumo_agua_litros,residuos_totales_kg,residuos_reciclados_kg,huella_carbono_tCO2e
1,20230101,2043.87,1492.81,170.63,104.03,942.01
2,20230102,2935.51,539.64,129.65,34.41,1364.93
3,20230103,1503.57,747.79,87.25,36.91,697.2
4,20230104,1654.78,1019.76,140.09,17.45,757.6
5,20230105,2155.98,1297.32,166.49,58.8,988.56
6,20230106,1216.37,1132.33,119.71,83.55,584.14
7,20230107,1490.95,1202.17,71.57,21.81,692.35
8,20230108,2399.52,752.18,190.69,131.59,1127.13
9,20230109,1823.57,1185.78,77.37,44.86,840.01
10,20230110,1414.86,943.89,159.6,68.51,682.06
11,20230111,1103.83,1243.51,91.89,61.47,540.77
12,20230112,2740.77,1187.89,181.76,30.91,1275.54
13,20230113,2694.81,980.36,79.14,40.03,1223.01
14,20230114,1025.04,1444.92,68.4,19.55,486.8
15,20230115,2279.33,889.35,79.84,48.3,1065.22
16,20230116,2540.39,921.62,69.34,9.71,1162.24
17,20230117,1229.53,1253.17,188.25,82.36,575.79
18,20230118,1260.35,954.15,66.84,26.45,609.85
19,20230119,1223.26,1175.45,111.96,61.38,562.98
20,20230120,2428.83,1172.41,145.81,47.89,1124.68
21,20230121,2292.43,850.31,118.89,17.22,1063.33
22,20230122,2426.82,1129.53,61.57,24.72,1118.05
23,20230123,2563.5,1296.95,169.2,45.82,1194.72
24,20230124,1046.36,1451.47,163.1,56.02,491.92
25,20230125,1211.22,1093.2,156.76,35.45,556.45
26,20230126,1868.24,1008.77,185.23,61.81,855.21
27,20230127,1243.44,630.65,139.32,88.46,596.25
28,20230128,2718.43,725.02,142.74,75.76,1233.34
29,20230129,1855.68,849.04,103.56,35.8,850.67
30,20230130,2482.48,1095.37,52.01,26.89,1160.21
31,20230131,1798.53,888.45,79.06,35.33,823.7
32,20230201,1799.8,1243.16,90.05,28.72,847.15
33,20230202,2072.81,1357.04,184.11,78.3,971.83
34,20230203,1012.33,716.53,145.4,34.66,479.89
35,20230204,2019.92,1461.85,151.1,86.32,930.91
36,20230205,1732.13,584.15,126.06,47.15,819.89
37,20230206,2703.46,805.47,78.44,49.45,1264.44
38,20230207,2323.72,1225.44,105.45,51.17,1082.06
39,20230208,2270.01,1469.79,187.49,70.85,1068.98
40,20230209,1416.06,1363.92,131.77,50.24,665.86
41,20230210,2260.62,652.03,114.81,42.33,1031.28
42,20230211,1064.85,878.77,61.0,37.94,520.91
43,20230212,2738.59,1448.79,177.04,89.47,1273.76
44,20230213,2679.35,574.47,92.2,27.53,1235.48
45,20230214,2921.76,724.88,149.65,100.96,1358.06
46,20230215,2057.75,1007.24,114.21,37.81,948.09
47,20230216,1147.9,936.14,153.76,59.68,540.77
48,20230217,1233.59,782.44,94.74,28.43,585.95
49,20230218,1294.01,1194.65,68.85,13.0,605.57
50,20230219,1257.1,659.06,154.66,69.41,598.48
51,20230220,1409.96,964.53,123.76,46.08,676.82
52,20230221,1673.32,1261.97,112.1,47.53,797.18
53,20230222,1436.67,640.96,89.85,13.23,691.77
54,20230223,1968.03,1062.85,110.09,56.49,927.89
55,20230224,1016.6,804.03,58.15,31.15,483.58
56,20230225,1872.2,1319.11,171.83,37.8,860.02
57,20230226,2589.02,1207.55,52.4,16.69,1181.42
58,20230227,2907.34,724.08,181.08,97.16,1347.4
59,20230228,1930.54,794.38,181.16,107.99,904.5
60,20230301,2920.12,857.02,115.55,39.16,1327.94
61,20230302,2723.38,1412.25,155.31,51.84,1268.68
62,20230303,1932.3,1115.11,151.28,53.03,889.65
63,20230304,2491.1,1392.03,199.92,34.76,1134.6
64,20230305,2656.17,898.47,122.96,21.64,1237.47
65,20230306,2419.34,615.04,150.02,74.98,1112.99
66,20230307,2730.14,780.26,169.55,112.39,1275.13
67,20230308,1202.06,1442.63,135.57,52.82,563.34
68,20230309,1518.64,863.06,174.16,89.98,711.17
69,20230310,2168.83,560.02,97.6,55.3,1020.26
70,20230311,1789.93,553.69,175.36,80.43,825.22
71,20230312,1548.79,1485.93,165.84,83.18,740.57
72,20230313,2427.71,861.9,62.78,17.38,1138.92
73,20230314,2668.36,877.84,105.58,33.09,1221.15
74,20230315,2665.02,541.44,111.15,34.25,1230.82
75,20230316,1615.49,540.97,69.45,43.68,770.64
76,20230317,2346.96,540.5,103.57,32.32,793.755
77,20230318,1768.32,522.04,52.78,32.11,816.87
78,20230319,1473.6,829.35,56.82,18.8,712.33
79,20230320,2532.0,772.9,110.72,24.54,1160.05
80,20230321,2318.97,1302.72,146.48,73.31,1079.36
81,20230322,1080.98,1339.8400000000001,124.05,50.44,520.27
82,20230323,2885.35,1376.96,183.01,66.7,1342.46
83,20230324,2993.33,1081.77,75.1,47.08,1361.99
84,20230325,2050.71,632.64,122.51,25.16,945.44
85,20230326,2599.94,1348.82,171.36,64.83,1215.32
86,20230327,2236.78,1160.95,78.81,41.2,1026.61
87,20230328,1789.12,564.07,78.68,44.3,850.03
88,20230329,2545.11,1493.25,199.22,132.63,1164.93
89,20230330,2965.05,1327.7,138.04,78.06,1351.61
90,20230331,1691.51,856.05,123.84,62.3,785.52
91,20230401,1004.81,770.8,83.23,27.2,466.62
92,20230402,2541.92,858.6,64.74,14.0,1166.96
93,20230403,1262.38,1424.99,70.23,33.86,578.28
94,20230404,2247.08,874.92,109.31,35.69,1044.12
95,20230405,2326.51,1121.55,84.35,49.59,1074.92
96,20230406,2461.28,1459.84,153.9,43.42,1141.11
97,20230407,2576.81,901.74,50.57,34.18,1177.2
98,20230408,2402.64,1135.85,68.82,39.12,1113.38
99,20230409,2404.85,897.07,166.95,24.78,1126.43
100,20230410,1381.16,637.84,122.76,18.02,631.75
101,20230411,2383.57,872.6,167.59,108.29,1098.85
102,20230412,1924.43,1267.68,122.8,83.33,882.95
103,20230413,2090.8,559.62,120.78,37.39,979.34
104,20230414,2233.2,1297.65,122.2,21.94,1034.7
105,20230415,2583.42,1317.62,194.71,40.32,1174.71
106,20230416,2617.48,1181.78,139.83,31.4,1189.41
107,20230417,2838.14,1362.26,124.42,38.83,1311.04
109,20230419,2773.51,1056.41,93.45,49.26,1275.87
110,20230420,2726.7,795.23,52.36,19.27,1275.02
111,20230421,1861.45,1442.84,191.88,103.48,886.25
112,20230422,1902.93,518.1,62.28,22.19,984.895
113,20230423,2304.55,542.74,165.56,99.62,1083.54
114,20230424,1798.26,1397.46,185.42,44.2,848.07
115,20230425,2172.55,748.96,151.9,71.35,1015.93
116,20230426,2672.3,1430.82,173.73,100.24,1240.88
117,20230427,1458.94,680.48,72.14,44.49,677.75
118,20230428,1911.86,1335.73,110.36,31.37,896.29
119,20230429,2757.72,576.81,182.42,61.56,1252.12
120,20230430,2551.57,965.7,191.11,31.86,1187.47
121,20230501,1866.18,518.37,180.07,43.15,872.07
122,20230502,2315.33,1416.65,168.47,45.81,1053.02
123,20230503,2870.29,1349.3,85.73,31.11,1323.47
124,20230504,1930.11,1129.12,72.65,10.25,894.2
125,20230505,1268.49,1142.14,100.81,55.13,603.03
126,20230506,2781.27,1369.49,189.04,126.58,1262.75
127,20230507,1116.22,943.39,195.6,33.82,522.58
128,20230508,1535.9,1010.58,79.25,47.58,732.35
129,20230509,1423.79,797.47,197.3,103.69,668.98
130,20230510,2430.86,1013.87,113.9,25.23,1120.72
131,20230511,2118.26,1230.27,123.02,33.23,989.52
132,20230512,2747.83,1399.44,83.11,20.68,1267.31
133,20230513,2613.39,597.64,199.09,130.52,1202.24
134,20230514,2639.11,1441.85,139.57,67.11,1201.95
135,20230515,2648.55,819.38,199.38,120.41,1218.68
136,20230516,1719.5,1370.89,155.37,61.99,819.89
137,20230517,2274.03,609.74,117.51,20.54,1043.86
138,20230518,1076.29,1333.19,152.43,94.23,526.24
139,20230519,2388.15,1109.73,67.67,21.5,1097.18
140,20230520,2363.84,1036.13,181.57,118.83,1110.29
141,20230521,2653.92,784.82,150.64,28.16,1236.39
142,20230522,2076.42,703.7,63.79,43.71,975.54
143,20230523,2294.99,881.16,83.01,20.49,1073.28
144,20230524,1409.5,1059.5733333333333,187.11,87.02,667.84
145,20230525,1233.79,1237.9866666666667,163.28,21.84,579.0
146,20230526,1436.43,1416.4,166.61,25.71,695.35
147,20230527,2014.16,741.04,131.04,65.58,917.78
148,20230528,2213.89,804.47,107.13,62.95,1042.14
149,20230529,1642.16,1149.53,67.12,40.97,763.78
150,20230530,2423.39,864.01,156.11,23.07,1140.46
151,20230531,1113.63,733.45,196.34,67.23,521.65
152,20230601,2767.43,1437.13,96.67,50.8,1258.66
153,20230602,2102.86,967.68,127.61,45.35,984.39
154,20230603,1238.23,506.35,97.22,29.86,583.57
155,20230604,2198.32,1286.57,108.48,48.38,1012.84
156,20230605,2014.06,1359.64,153.74,55.2,942.83
157,20230606,1511.48,1414.41,103.1,19.69,701.58
158,20230607,1046.58,621.53,155.31,33.94,492.68
159,20230608,2617.07,504.64,145.68,76.56,1222.54
160,20230609,1018.67,658.08,194.37,58.82,482.27
161,20230610,1683.07,1215.6,199.88,93.75,787.84
162,20230611,2882.6,877.34,123.37,12.49,1341.73
163,20230612,1829.99,1038.65,176.14,39.01,858.2
164,20230613,2917.14,1190.15,126.08,72.89,1330.87
165,20230614,1526.75,1109.6,163.71,67.06,730.23
166,20230615,1350.89,1338.77,71.7,38.59,647.84
167,20230616,2659.86,1437.86,192.97,54.8,1244.63
168,20230617,2829.13,769.51,142.49,79.2,1316.1
169,20230618,1532.79,705.83,157.36,63.16,717.78
170,20230619,2600.47,653.76,57.57,7.83,1180.75
171,20230620,2697.71,502.44,55.48,25.27,1232.06
172,20230621,1421.81,1008.49,88.47,34.0,651.45
173,20230622,1250.41,1183.62,97.54,48.61,601.62
174,20230623,1564.88,845.58,160.36,71.66,749.18
175,20230624,2997.29,1136.92,58.89,10.6,1361.62
176,20230625,2474.55,610.51,170.64,75.19,1152.89
177,20230626,2826.77,1113.68,66.16,33.13,1282.62
178,20230627,1440.58,746.73,164.48,108.87,678.45
179,20230628,1434.61,796.01,52.7,22.86,688.64
180,20230629,2568.46,1187.84,67.65,9.31,1182.6
181,20230630,1215.88,954.09,169.09,94.8,589.05
182,20230701,2377.75,1412.49,70.15,28.34,1109.26
183,20230702,2622.64,1244.61,167.9,23.06,1198.69
184,20230703,2365.97,576.07,95.06,65.43,1108.49
185,20230704,1573.37,1386.18,86.71,24.59,738.74
186,20230705,1832.56,732.39,179.01,105.3,842.23
187,20230706,1845.83,974.33,95.14,52.79,874.59
188,20230707,2484.73,1235.05,97.93,39.3,1143.96
189,20230708,1391.59,641.06,115.57,52.52,656.21
190,20230709,1445.38,561.27,86.45,25.16,674.86
191,20230710,2192.24,824.31,58.31,28.57,996.87
192,20230711,2559.05,726.39,162.85,19.17,1192.03
193,20230712,1650.61,558.5,94.75,42.11,761.67
194,20230713,2650.3,1337.27,118.73,42.68,1222.96
195,20230714,2532.5,1435.41,125.53,22.07,1158.21
196,20230715,1805.37,678.05,83.31,27.31,856.2
197,20230716,2951.96,1166.67,151.82,35.44,1362.26
198,20230717,2939.37,596.49,112.6,67.4,1355.25
199,20230718,2293.19,1058.01,110.42,61.46,1071.11
200,20230719,1359.21,536.87,156.53,52.09,642.29
201,20230720,2121.79,1187.84,52.15,12.52,1002.2
202,20230721,2875.16,1239.7,96.21,36.85,1314.04
203,20230722,2016.37,980.89,177.12,48.72,933.54
204,20230723,1998.08,1217.21,185.56,33.66,948.52
205,20230724,1716.17,1172.55,63.74,10.97,807.86
206,20230725,2690.11,843.16,192.39,72.61,1237.03
207,20230726,2833.18,684.07,117.51,17.13,1292.94
208,20230727,2163.15,1341.5,116.51,34.19,1013.1
209,20230728,2864.05,1418.67,155.16,61.82,1317.28
210,20230729,1758.71,1295.12,129.01,32.31,820.69
211,20230730,2211.3,1019.77,82.88,29.99,1009.86
212,20230731,1523.77,1274.43,146.53,65.66,705.38
213,20230801,1478.39,576.58,76.47,12.6,692.37
214,20230802,2743.15,914.53,147.93,53.62,1253.32
215,20230803,1908.77,861.14,166.73,81.49,902.31
216,20230804,2499.88,1419.56,119.46,62.67,1142.94
217,20230805,1436.35,1429.36,74.74,12.45,694.11
218,20230806,1947.04,738.7,107.93,22.96,893.0
219,20230807,2493.26,807.78,66.57,13.34,1144.27
220,20230808,1877.74,936.08,183.08,32.88,879.98
221,20230809,1212.67,895.62,157.8,38.62,556.88
222,20230810,1934.39,1237.9,102.31,42.5,901.03
223,20230811,2950.55,1037.06,199.34,34.31,1338.34
224,20230812,2880.83,1103.1,96.89,14.64,1327.01
225,20230813,2443.97,904.68,149.31,60.87,1132.39
226,20230814,1088.86,1244.34,51.71,5.19,518.11
227,20230815,1859.02,895.61,136.94,81.89,863.91
228,20230816,1121.01,692.16,76.8,20.94,962.4200000000001
229,20230817,2312.17,1200.87,103.91,33.79,1060.93
230,20230818,2864.4,823.02,73.52,36.56,1299.87
231,20230819,2564.81,985.36,72.86,49.69,1178.44
232,20230820,2068.67,962.24,188.65,26.13,956.89
233,20230821,1222.85,544.46,61.56,17.14,598.77
234,20230822,2834.5,1015.22,172.53,29.33,1320.69
235,20230823,2574.79,1481.37,147.8,68.69,1205.72
236,20230824,2150.75,540.16,136.38,26.98,986.08
237,20230825,1162.35,644.1,186.13,86.42,562.63
238,20230826,1366.12,804.46,144.52,72.25,647.59
239,20230827,2722.13,623.38,143.04,32.69,1253.0
240,20230828,2811.11,758.29,148.81,71.33,1309.45
241,20230829,1235.46,1021.6,98.02,42.04,580.86
242,20230830,1970.99,1016.45,134.84,27.58,900.59
243,20230831,2870.57,1345.55,69.59,12.04,1331.32
244,20230901,1375.93,1147.38,88.9,25.54,664.28
245,20230902,2934.94,1359.06,161.34,57.76,1346.12
246,20230903,2773.11,602.56,79.15,41.36,1268.79
247,20230904,1283.33,830.87,175.7,96.19,588.14
248,20230905,2174.17,1480.05,150.0,103.11,989.19
249,20230906,2005.41,1143.48,93.15,24.87,914.85
250,20230907,2224.43,1132.37,148.51,23.9,1026.3
251,20230908,2387.1,1165.96,190.19,95.53,1124.07
252,20230909,1991.7,1170.08,128.88,30.78,915.9
253,20230910,2243.81,1342.53,113.89,34.19,1052.61
254,20230911,1836.6,1125.3,131.13,80.53,849.22
255,20230912,1412.49,555.34,102.19,12.52,684.19
256,20230913,1001.71,949.3,107.74,31.56,466.11
257,20230914,1095.31,637.77,102.42,50.5,504.29
258,20230915,1462.46,910.69,153.78,44.36,678.93
259,20230916,2597.15,612.36,75.59,31.17,1187.68
260,20230917,1974.82,802.16,71.8,24.74,923.09
261,20230918,2612.56,571.14,142.12,96.96,1188.34
262,20230919,2883.95,1457.19,193.38,100.51,1333.27
263,20230920,1187.61,1204.57,170.05,18.74,556.62
264,20230921,1064.16,1396.16,161.61,59.97,514.71
265,20230922,1189.32,539.41,98.35,41.62,568.16
266,20230923,2491.46,540.27,94.9,44.04,1145.77
267,20230924,2114.05,941.04,141.79,88.78,990.61
268,20230925,1557.63,615.85,166.88,108.3,732.09
269,20230926,1885.2,1098.55,80.95,37.16,869.49
270,20230927,2832.5,1189.8,148.36,21.05,1321.68
271,20230928,2467.99,1431.05,147.46,54.08,1147.72
272,20230929,2593.32,1305.6,166.72,31.35,1215.79
273,20230930,1074.19,1375.07,52.71,22.59,523.13
274,20231001,2255.5,1057.36,138.16,70.23,1059.31
275,20231002,1601.55,938.87,99.36,34.07,744.63
276,20231003,1398.67,1273.66,100.45,28.19,648.15
277,20231004,2055.71,666.36,55.24,29.59,971.18
278,20231005,1495.22,645.48,53.67,25.4,684.74
279,20231006,2383.41,968.16,114.63,78.73,1097.56
280,20231007,2705.32,1338.39,106.16,27.67,1240.25
281,20231008,1777.67,720.17,125.8,73.16,811.02
282,20231009,1929.54,652.1,173.81,41.65,884.7
283,20231010,2333.62,1361.83,97.95,42.72,1084.26
284,20231011,2635.38,1111.325,76.35,46.64,1223.71
285,20231012,2099.11,860.82,194.92,127.51,980.28
286,20231013,2980.64,626.24,58.19,7.79,1369.47
287,20231014,2651.36,1160.16,83.92,22.25,1226.58
288,20231015,1006.32,1495.1,84.36,29.38,463.24
289,20231016,1300.9,528.79,185.84,83.9,607.48
290,20231017,1303.74,1100.0,55.16,30.87,607.38
291,20231018,1380.51,1005.54,68.45,46.76,664.18
292,20231019,2246.1,1388.78,88.76,26.71,1024.8
293,20231020,2102.48,1465.62,61.97,20.81,994.97
294,20231021,1291.62,1361.59,115.11,11.97,621.54
295,20231022,2125.59,1202.93,131.18,62.28,1005.26
296,20231023,1753.65,934.45,172.97,30.41,810.87
297,20231024,2008.92,592.29,58.42,5.95,946.61
298,20231025,1992.78,1383.62,151.93,105.24,913.27
299,20231026,2178.31,1470.58,77.58,35.19,1025.06
300,20231027,1977.9,772.98,187.1,20.95,914.58
301,20231028,1156.0,1084.77,173.21,106.3,548.61
302,20231029,2645.09,690.73,149.04,35.59,1225.09
303,20231030,2922.32,966.98,92.93,19.56,1350.5
304,20231031,2402.07,1411.18,50.57,31.27,1112.4
305,20231101,2175.48,916.82,198.37,52.96,989.11
306,20231102,1724.22,526.68,127.55,18.21,815.82
307,20231103,2051.59,1486.96,72.8,14.2,957.91
308,20231104,2509.92,1397.12,89.4,58.84,1169.05
309,20231105,2599.2,1307.28,145.02,43.79,1189.94
310,20231106,1440.56,1309.71,79.55,20.48,658.69
311,20231107,1706.03,1397.51,169.81,22.37,789.4
312,20231108,2584.57,549.04,103.83,13.31,1202.06
313,20231109,1951.12,1139.48,77.35,36.43,893.88
314,20231110,1002.97,1403.65,90.24,47.47,496.23
315,20231111,1751.23,866.39,72.28,36.27,808.69
316,20231112,2612.23,689.92,139.31,47.14,1206.38
317,20231113,1923.47,955.98,154.82,22.15,903.34
318,20231114,1952.15,539.74,75.12,51.59,922.8
319,20231115,2013.82,505.53,131.99,19.2,926.03
320,20231116,2304.17,1178.91,152.48,29.58,1083.28
321,20231117,1751.13,1173.22,122.75,71.38,830.2
322,20231118,2662.64,837.74,195.4,120.82,1247.9
323,20231119,1551.67,584.32,84.91,56.54,717.87
324,20231120,1494.46,564.37,135.75,50.27,716.51
325,20231121,2451.23,661.83,134.51,73.58,1115.43
326,20231122,2377.53,1065.37,135.35,64.01,1109.84
327,20231123,1450.97,1196.1,140.52,52.6,671.47
328,20231124,2639.06,536.05,77.89,13.26,1202.89
329,20231125,1876.91,1181.67,116.97,61.62,858.98
330,20231126,2819.66,609.99,106.37,20.22,1316.45
331,20231127,2647.91,833.54,51.59,32.1,1237.05
332,20231128,2068.1,511.19,54.56,34.99,942.55
333,20231129,1296.88,1105.4,150.84,29.15,630.29
334,20231130,1001.57,947.2,173.33,56.76,493.73
335,20231201,2417.58,789.0,164.93,65.02,1132.34
336,20231202,2898.91,580.0,195.78,89.39,1340.66
337,20231203,1741.15,1283.31,146.21,32.24,797.36
338,20231204,2270.35,1340.71,180.96,80.05,1033.94
339,20231205,2941.91,650.59,181.47,55.42,1350.18
340,20231206,1478.11,1069.44,182.07,111.56,707.99
341,20231207,1879.63,791.55,179.37,77.4,878.87
342,20231208,1654.69,1086.77,50.65,24.3,778.8
343,20231209,2814.45,1487.73,122.81,80.37,1295.41
344,20231210,1729.35,544.88,156.25,57.02,795.92
345,20231211,2887.17,1192.85,82.6,10.71,1315.3
346,20231212,2964.41,1472.08,52.22,7.8,1375.06
347,20231213,2395.65,688.67,199.68,51.32,1119.78
348,20231214,1749.39,1241.28,153.71,35.33,830.1
349,20231215,2841.85,1344.72,83.71,28.08,1318.16
350,20231216,2467.66,1423.21,105.12,11.96,1146.98
351,20231217,2311.08,627.63,186.12,42.37,1064.51
352,20231218,2258.05,573.3,118.16,42.44,1063.05
353,20231219,1285.16,1137.73,105.4,26.33,605.4
354,20231220,2146.05,1454.45,123.25,16.52,1009.77
355,20231221,1167.49,622.66,103.79,39.71,570.75
356,20231222,2872.54,886.5,97.31,33.1,1326.01
357,20231223,2953.02,876.4,185.28,109.77,1375.68
358,20231224,1074.32,843.1,111.07,29.5,498.54
359,20231225,1452.59,711.9000000000001,113.43,56.79,663.72
360,20231226,2276.17,580.7,69.23,24.79,1040.86
361,20231227,2362.02,1026.64,124.51,18.66,1101.52
362,20231228,2859.41,1074.79,164.48,54.07,1316.21
363,20231229,2726.8,1249.69,96.87,62.88,1264.09
364,20231230,1670.44,870.23,159.13,106.27,789.87
365,20231231,2636.13,1268.17,132.92,14.03,1218.51
366,20240101,1828.72,691.7,106.36,45.93,869.19
367,20240102,2983.43,682.3,84.78,35.11,1355.63
368,20240103,2200.74,886.78,197.42,115.54,1036.73
369,20240104,2742.71,1047.0,139.26,48.87,1282.94
370,20240105,1451.53,924.2,132.37,76.77,691.21
371,20240106,1650.79,805.08,111.95,77.19,766.1
372,20240107,2063.03,1025.69,124.58,62.25,973.48
373,20240108,2516.27,1071.54,96.37,12.69,1174.37
374,20240109,1597.78,1364.81,148.35,70.33,737.14
375,20240110,1762.92,1491.94,95.33,40.57,828.71
376,20240111,2063.34,872.4,141.61,42.67,978.36
377,20240112,2758.54,921.13,169.91,111.36,1284.52
378,20240113,1680.46,997.26,90.64,12.24,789.19
379,20240114,2000.32,776.02,99.44,17.52,941.62
380,20240115,1711.06,1073.61,171.07,80.03,803.2
381,20240116,1824.27,1188.84,81.17,44.76,863.39
382,20240117,2736.76,1440.89,164.69,42.42,1272.16
383,20240118,2058.68,1268.31,128.34,18.13,974.48
384,20240119,1476.13,570.94,52.73,9.19,687.74
385,20240120,2507.35,922.03,105.34,23.79,1172.68
386,20240121,2811.06,712.05,72.79,9.69,1309.51
387,20240122,2269.2,912.16,176.07,37.6,1034.65
388,20240123,2648.83,619.89,164.96,47.58,1227.21
389,20240124,1549.63,1351.83,158.04,79.71,731.26
390,20240125,2176.96,1081.89,90.23,38.84,1023.72
391,20240126,2727.67,786.37,121.3,66.28,1247.11
392,20240127,2222.69,549.43,196.28,42.84,1037.15
393,20240128,1706.69,547.5,121.81,66.31,780.01
394,20240129,2227.45,1149.45,114.58,27.52,1043.18
395,20240130,2708.42,848.45,187.57,73.99,1258.48
396,20240131,2689.8,958.53,110.52,19.58,1241.94
397,20240201,1878.52,647.08,100.32,26.76,887.64
398,20240202,1103.68,607.24,73.32,42.54,539.23
399,20240203,1359.61,1466.09,56.95,21.26,627.24
400,20240204,1964.27,951.98,162.22,60.68,931.65
401,20240205,2078.25,1212.42,178.55,85.56,956.125
402,20240206,2072.13,965.83,147.04,76.01,980.6
403,20240207,2858.71,1391.79,102.54,44.23,1333.73
404,20240208,2871.1,1123.72,166.5,93.76,1321.64
405,20240209,1206.7,841.24,88.87,27.34,578.1
406,20240210,1146.6,600.68,62.65,21.72,539.46
407,20240211,1262.04,776.83,162.06,68.13,585.41
408,20240212,2249.2,1033.85,119.98,78.0,1037.27
409,20240213,2323.18,1226.81,137.52,82.85,1063.5
410,20240214,1600.67,639.69,89.22,24.93,751.3
411,20240215,2820.58,1232.84,175.97,33.81,1282.33
412,20240216,1310.75,564.83,97.09,30.35,610.91
413,20240217,2789.91,761.93,72.42,29.64,1288.13
414,20240218,1342.59,1283.44,162.38,51.15,642.12
415,20240219,2408.76,1341.48,62.12,7.91,1107.85
416,20240220,2750.94,1015.29,149.13,82.15,1264.81
417,20240221,2778.9,966.46,121.16,84.32,1263.35
418,20240222,2698.28,1191.88,82.55,53.69,1236.86
419,20240223,1063.7,1440.79,71.35,13.86,519.45
420,20240224,2731.98,1362.98,85.78,58.89,1271.78
421,20240225,1729.58,591.57,173.97,102.62,802.53
422,20240226,2355.85,1447.01,173.79,57.3,1071.44
423,20240227,2131.85,1413.04,152.13,77.58,1008.3
424,20240228,2172.34,1345.21,182.69,102.58,992.42
425,20240229,2543.29,1423.96,189.28,99.64,1168.34
426,20240301,2202.31,614.16,185.81,23.68,1037.74
427,20240302,1251.91,588.35,91.39,29.19,608.35
428,20240303,1421.48,581.17,124.27,67.86,681.67
429,20240304,1320.05,566.54,139.1,83.72,619.89
430,20240305,2289.95,694.5,119.61,46.85,1064.34
431,20240306,1993.98,1340.5,181.16,121.95,937.4
432,20240307,1706.89,1354.74,112.78,62.68,805.37
433,20240308,1005.31,529.23,121.84,63.32,475.67
434,20240309,2887.54,970.66,154.32,22.03,1313.46
435,20240310,2891.53,746.77,134.45,30.51,1339.81
436,20240311,1407.09,1106.07,133.18,24.38,667.35
437,20240312,1785.0,1145.31,167.61,58.24,850.42
438,20240313,2698.15,863.04,151.3,80.27,1259.15
439,20240314,2785.64,862.84,135.26,89.92,1300.93
440,20240315,1651.14,808.02,148.61,102.54,766.01
441,20240316,2899.09,922.43,66.67,43.39,1343.54
442,20240317,1294.89,596.92,98.39,32.1,622.01
443,20240318,2306.44,1369.37,181.47,54.36,1054.53
444,20240319,1955.3,914.18,94.99,27.92,912.91
445,20240320,1815.34,1237.24,126.92,25.98,865.13
446,20240321,1621.6,1449.3,81.73,13.26,758.69
447,20240322,2924.3,1381.15,177.28,17.83,1334.17
448,20240323,2329.53,1249.69,54.38,32.0,1073.63
449,20240324,2073.44,1456.65,72.35,11.47,964.73
450,20240325,1431.16,708.37,61.66,34.33,689.84
451,20240326,2387.15,1140.2,123.48,41.07,1103.56
452,20240327,1962.23,837.02,62.76,18.36,928.67
453,20240328,2740.2,1085.45,61.92,14.49,1248.45
454,20240329,2854.59,1344.61,182.41,56.46,1327.95
455,20240330,1407.03,1104.47,109.48,60.31,654.52
456,20240331,2279.41,860.11,147.33,76.67,1043.17
457,20240401,1474.87,788.59,57.36,10.52,680.97
458,20240402,2591.4,509.46,161.08,17.17,1207.02
459,20240403,2987.34,1096.75,130.75,27.37,1355.78
460,20240404,1803.82,1035.28,181.1,45.5,826.49
461,20240405,2793.23,1413.73,168.95,52.55,1282.01
462,20240406,1612.89,1296.27,183.93,27.75,773.86
463,20240407,1356.71,1235.49,178.69,121.09,638.22
464,20240408,1000.01,894.26,100.8,70.36,470.24
465,20240409,1967.04,1071.61,191.68,65.77,917.04
466,20240410,2196.89,1073.77,89.14,38.79,1017.1
467,20240411,2738.11,1317.5,79.03,22.05,1276.2
468,20240412,2587.15,535.09,159.0,76.35,1207.82
469,20240413,2662.7,921.96,126.01,65.78,1239.0
470,20240414,1812.9,726.8,171.42,113.98,859.43
471,20240415,1383.47,517.04,136.15,71.71,636.47
472,20240416,2137.92,1124.32,61.38,12.83,991.27
473,20240417,1331.24,1184.44,92.39,46.1,640.03
474,20240418,2216.53,1056.84,136.14,77.38,1038.98
475,20240419,1827.02,1202.66,128.52,63.27,866.09
476,20240420,1351.68,654.68,125.24,55.4,652.67
477,20240421,2874.82,1087.76,182.83,36.53,1310.65
478,20240422,1803.22,1475.37,73.16,23.87,836.11
479,20240423,1575.97,720.5,185.3,81.1,756.98
480,20240424,2192.12,904.25,100.2,24.99,1022.45
481,20240425,1361.33,1197.41,136.94,80.38,639.98
482,20240426,1628.48,512.1,156.31,23.39,778.5
483,20240427,2344.17,1235.92,71.39,39.42,1089.52
484,20240428,1730.53,1273.08,109.23,52.46,797.05
485,20240429,2741.46,1342.91,192.02,132.92,1264.95
486,20240430,2101.71,1061.36,177.31,32.39,982.44
487,20240501,2261.43,699.36,184.08,71.96,1052.38
488,20240502,2487.48,1147.48,78.76,19.63,1161.56
489,20240503,1062.31,588.06,87.43,49.26,495.9
490,20240504,2674.18,891.54,69.54,20.33,1250.28
491,20240505,2690.95,556.49,112.74,61.7,1227.99
492,20240506,2458.33,836.48,53.12,14.52,1119.72
493,20240507,2527.47,1111.38,170.11,103.09,1157.28
494,20240508,1333.24,658.93,96.72,22.87,623.11
495,20240509,2565.24,914.48,90.18,41.59,1169.86
496,20240510,2613.94,763.39,192.1,80.57,1163.6799999999998
497,20240511,2546.08,734.53,160.47,69.8,1157.5
498,20240512,1780.1,1096.49,114.09,57.33,845.74
499,20240513,1424.77,880.585,100.55,15.69,653.23
500,20240514,2127.0,664.68,191.57,106.44,999.47
501,20240515,1063.92,877.73,89.6,17.18,520.99
502,20240516,2928.06,729.67,158.73,17.03,1364.33
503,20240517,1469.5,1430.01,171.78,108.27,673.62
504,20240518,2517.42,1470.09,185.14,65.41,1166.82
505,20240519,2836.57,1325.01,170.47,52.17,1289.36
506,20240520,2938.61,533.99,50.11,8.97,1363.38
507,20240521,1540.78,1385.05,157.91,60.61,740.95
508,20240522,1100.14,1145.36,191.64,35.13,543.2
509,20240523,2778.82,1335.28,70.89,36.76,1266.71
510,20240524,1297.9,1271.49,81.09,26.86,621.9
511,20240525,1541.92,541.94,174.33,25.24,742.7
512,20240526,1404.51,1080.72,77.58,14.77,662.05
513,20240527,1736.53,793.82,185.82,92.36,811.77
514,20240528,2999.95,1109.23,124.97,46.06,1373.1
515,20240529,1515.66,643.02,54.39,30.2,705.46
516,20240530,1700.5,1037.36,143.52,89.47,790.29
517,20240531,1070.95,938.29,151.59,61.42,516.6
518,20240601,1350.63,513.89,58.86,6.21,618.09
519,20240602,2517.76,845.71,68.86,18.11,1146.03
520,20240603,1813.3,550.43,83.19,30.78,834.4
521,20240604,1883.04,1312.07,139.54,51.02,864.39
522,20240605,1863.07,1396.62,190.3,79.04,854.73
523,20240606,2508.63,1481.17,164.75,51.11,1151.72
524,20240607,1300.9,1220.95,63.13,35.28,597.3
525,20240608,1672.47,579.38,160.86,64.49,782.98
526,20240609,1383.0,1377.17,164.73,49.39,637.59
527,20240610,2380.64,598.76,172.01,25.55,1102.63
528,20240611,1986.13,605.17,164.72,60.52,910.32
529,20240612,2545.18,822.04,148.51,26.34,1179.86
530,20240613,2617.43,1068.7,56.06,12.97,1218.82
531,20240614,1415.47,1456.36,152.19,65.43,679.8
532,20240615,1450.13,1278.22,74.07,14.85,665.43
533,20240616,1922.27,991.96,180.46,112.35,878.14
534,20240617,2919.97,691.18,86.75,59.01,1325.99
535,20240618,2141.82,1098.2,86.57,16.7,994.31
536,20240619,2574.55,1398.27,191.55,23.64,1178.92
537,20240620,1047.95,677.13,167.14,57.19,508.07
538,20240621,1504.59,886.86,144.38,17.92,702.25
539,20240622,1706.27,647.53,158.62,32.87,800.46
540,20240623,1891.37,1461.31,65.96,15.32,885.13
541,20240624,2124.09,504.8,152.03,79.24,967.45
542,20240625,2541.83,624.01,96.78,47.09,1157.63
543,20240626,2187.61,1293.32,112.97,60.77,1029.35
544,20240627,1459.19,592.79,118.66,35.12,706.12
545,20240628,1465.0,1479.63,64.7,23.96,669.57
546,20240629,2108.2,1057.64,84.7,23.45,994.45
547,20240630,1952.99,519.48,86.18,52.26,906.98
548,20240701,2878.93,949.57,51.23,10.53,1309.27
549,20240702,2751.74,989.77,91.86,58.73,1260.4
550,20240703,2126.43,1117.6,93.13,43.24,1001.0
551,20240704,2971.21,1430.38,84.74,13.44,1370.41
552,20240705,1209.36,1243.84,84.6,17.67,555.63
553,20240706,2659.66,1160.2,129.68,71.17,1225.83
554,20240707,2084.28,1273.19,164.18,36.53,952.22
555,20240708,2494.4,720.15,112.58,15.94,1150.85
556,20240709,2891.95,1379.83,164.18,42.97,1344.45
557,20240710,2458.86,552.8,128.66,45.82,1117.72
558,20240711,1840.01,1491.01,106.64,11.2,853.98
559,20240712,2363.84,1147.87,74.56,7.52,1091.86
560,20240713,2803.28,1130.34,75.78,19.71,1292.49
561,20240714,1209.74,1238.12,197.3,75.77,570.46
562,20240715,2568.64,1088.8,50.52,20.23,1202.82
563,20240716,2850.35,821.71,181.87,52.1,1312.84
564,20240717,2697.93,1058.23,157.33,60.33,1251.73
565,20240718,2219.6,978.09,194.66,35.18,1015.28
566,20240719,2442.13,1271.95,55.15,32.1,1123.5
567,20240720,1269.33,619.84,161.96,89.49,611.32
568,20240721,1080.11,649.45,75.85,18.31,519.82
569,20240722,1702.93,1039.24,84.38,18.73,783.11
570,20240723,2736.49,627.16,58.43,6.02,1266.04
571,20240724,1501.07,1477.32,149.25,32.41,694.68
572,20240725,2053.06,1323.71,90.76,34.62,971.02
573,20240726,1181.47,922.61,113.0,54.7,563.1
574,20240727,1964.19,794.93,146.76,28.02,898.52
575,20240728,1906.63,1206.66,93.6,40.83,901.88
576,20240729,2704.86,1365.05,179.38,79.02,1249.82
577,20240730,2587.5,820.08,50.9,15.87,1179.54
578,20240731,2137.6,1332.11,123.54,26.84,976.76
579,20240801,1453.56,1417.46,170.12,19.26,668.25
580,20240802,2591.96,972.17,78.65,38.78,1199.92
581,20240803,1110.32,779.29,149.33,62.17,517.2
582,20240804,2176.77,1219.96,103.17,57.01,1005.31
583,20240805,1841.14,1058.29,181.08,126.16,866.06
584,20240806,1841.03,589.6,116.93,61.2,865.59
585,20240807,2382.36,745.79,194.71,79.33,1111.8
586,20240808,2957.72,864.81,124.72,50.71,1365.72
587,20240809,1171.96,1270.79,95.43,30.66,548.33
588,20240810,2148.46,1215.81,144.46,36.23,997.46
589,20240811,1738.23,892.34,193.3,30.95,821.19
590,20240812,1510.5,796.21,71.98,48.69,719.88
591,20240813,1727.16,1276.76,58.97,35.49,809.71
592,20240814,1029.95,1045.11,123.7,75.73,501.86
593,20240815,1757.42,674.27,171.67,53.57,826.59
594,20240816,1162.96,522.64,71.47,41.36,567.55
595,20240817,2878.12,907.33,94.9,13.71,1311.82
596,20240818,2090.98,964.94,116.68,49.09,955.5
597,20240819,2347.59,809.16,182.61,22.82,1099.45
598,20240820,1186.49,1109.75,121.08,79.7,554.22
599,20240821,2488.15,1482.09,126.76,56.25,1167.98
600,20240822,1086.88,700.46,127.05,57.9,533.62
601,20240823,2643.72,726.08,77.13,40.19,1209.21
602,20240824,1917.21,1118.88,59.81,27.07,899.15
603,20240825,1560.73,669.41,183.8,49.1,732.45
604,20240826,1616.45,1460.65,151.87,60.63,768.82
605,20240827,2748.54,849.65,121.54,45.88,1270.88
606,20240828,2484.38,1052.36,100.12,19.14,1116.405
607,20240829,2051.84,1033.85,125.13,75.03,961.93
608,20240830,2408.17,741.16,119.06,60.98,1131.25
609,20240831,1704.86,1200.16,184.8,116.99,782.63
610,20240901,2342.13,1104.8,82.37,12.88,1073.51
611,20240902,2264.81,988.4,109.19,26.17,1055.84
612,20240903,2371.44,735.66,197.01,132.14,1095.01
613,20240904,1071.43,1376.12,156.52,84.12,518.79
614,20240905,1217.78,751.3,192.53,70.87,558.23
615,20240906,2232.96,1260.31,68.44,42.4,1017.71
616,20240907,2765.74,1428.15,120.42,28.29,1267.79
617,20240908,2760.37,958.66,63.04,16.5,1267.66
618,20240909,2330.38,892.12,141.97,94.7,1078.09
619,20240910,1509.44,541.74,52.19,15.84,717.72
620,20240911,1163.84,622.7,74.09,31.2,560.61
621,20240912,2589.62,656.54,147.05,23.36,1215.29
622,20240913,2848.78,707.52,173.6,49.9,1296.98
623,20240914,2357.56,851.825,177.81,80.86,1080.74
624,20240915,1595.06,996.13,156.65,100.5,764.01
625,20240916,2047.28,848.93,152.3,98.97,936.9
626,20240917,1056.15,786.98,141.27,81.99,500.64
627,20240918,1076.34,1077.52,157.28,84.14,504.24
628,20240919,1923.5,853.88,55.72,20.17,897.58
629,20240920,2768.58,1026.85,182.94,117.5,1277.68
630,20240921,1104.19,780.69,131.49,15.47,509.84
631,20240922,2833.55,642.06,59.14,30.31,1319.0
632,20240923,1206.52,1060.36,123.43,80.16,573.97
633,20240924,2406.86,871.99,59.63,13.91,1119.13
634,20240925,2055.89,1306.95,183.32,92.72,941.92
635,20240926,1423.59,873.01,84.88,42.52,681.66
636,20240927,2578.77,589.23,145.22,14.6,1205.44
637,20240928,1823.63,1198.21,50.15,27.09,857.11
638,20240929,1024.65,1243.77,121.85,77.06,482.32
639,20240930,1010.24,569.46,163.19,108.89,483.82
640,20241001,1800.53,1340.52,110.1,15.23,821.78
641,20241002,2190.5,1132.94,163.56,26.24,998.08
642,20241003,1244.41,925.36,130.21,24.86,578.24
643,20241004,1624.54,659.72,125.25,80.67,749.82
644,20241005,2551.98,1114.54,183.06,126.7,1192.56
645,20241006,1162.26,615.71,100.49,48.6,549.11
646,20241007,1395.31,894.79,173.45,49.76,646.93
647,20241008,1741.72,695.83,136.7,69.06,833.19
648,20241009,1310.39,1205.42,69.95,29.87,630.14
649,20241010,1649.48,1073.77,92.57,56.7,761.34
650,20241011,2230.37,643.54,199.93,101.04,1041.26
651,20241012,2409.45,945.0,139.9,65.81,1121.43
652,20241013,1924.77,789.29,181.94,64.46,878.35
653,20241014,1156.65,973.42,193.51,61.32,560.43
654,20241015,1185.89,1234.82,117.13,47.72,570.66
655,20241016,2330.57,859.11,159.3,76.94,1095.46
656,20241017,2868.88,876.47,98.69,15.19,1336.6
657,20241018,2573.52,1260.52,167.41,90.91,1194.08
658,20241019,2903.64,716.26,99.7,10.95,1337.37
659,20241020,1071.92,1018.66,56.38,31.57,496.28
660,20241021,1462.68,1321.06,62.14,24.05,704.88
661,20241022,1915.25,1281.76,132.53,29.4,874.37
662,20241023,2337.64,762.78,166.43,100.45,1084.11
663,20241024,1485.23,1270.87,75.98,26.7,715.25
664,20241025,1467.66,949.84,130.29,69.65,671.49
665,20241026,1682.02,605.07,59.08,19.7,770.92
666,20241027,2169.94,1394.2,74.31,24.95,1019.27
667,20241028,2123.24,1450.39,80.74,48.63,992.8
668,20241029,2082.02,1023.18,111.99,32.53,953.13
669,20241030,2147.26,1237.54,152.16,68.79,980.34
670,20241031,2671.76,530.83,51.48,35.5,1235.17
671,20241101,2466.11,769.52,67.01,39.54,1136.1
672,20241102,2497.25,1333.92,152.92,48.83,1153.09
673,20241103,1367.43,1379.25,63.16,31.43,638.56
674,20241104,2891.16,505.97,160.62,91.77,1341.04
675,20241105,2699.27,1099.22,199.19,122.89,1234.13
676,20241106,1701.99,548.95,156.66,78.67,814.08
677,20241107,1147.49,1480.58,121.42,35.18,551.15
678,20241108,2635.86,722.41,92.79,23.64,1220.39
679,20241109,1804.69,1418.78,131.93,75.12,834.81
680,20241110,2983.06,585.59,121.14,42.68,1359.61
681,20241111,2896.63,571.16,126.67,81.33,1329.07
682,20241112,2294.4,1422.72,68.14,9.7,1051.86
683,20241113,1812.08,513.07,176.89,81.98,832.29
684,20241114,2754.7,611.58,99.43,47.12,1256.91
685,20241115,2912.73,703.37,150.51,29.76,1339.45
686,20241116,1433.8,801.25,190.41,102.91,671.07
687,20241117,2486.83,705.62,133.3,24.92,1148.04
688,20241118,1072.72,696.08,192.02,107.27,524.81
689,20241119,1359.12,1326.89,171.37,43.5,655.17
690,20241120,1970.19,898.54,113.72,65.96,900.53
691,20241121,2371.66,1444.45,91.07,42.5,1084.52
692,20241122,2935.31,1239.29,125.17,77.33,1354.72
693,20241123,2563.77,1099.54,63.49,34.65,1176.56
694,20241124,2409.62,1353.52,160.27,50.84,1125.33
695,20241125,1174.87,1101.47,57.78,32.06,541.49
696,20241126,1435.3,961.98,78.01,46.24,662.67
697,20241127,1920.43,1203.45,117.51,68.03,883.3
698,20241128,2520.44,1495.9,188.83,107.9,1169.31
699,20241129,1466.23,1268.24,154.82,64.86,708.26
700,20241130,1823.03,641.34,158.23,104.77,845.48
701,20241201,2138.55,709.72,184.33,60.26,979.86
702,20241202,2953.78,1408.59,72.72,49.8,1347.56
703,20241203,1731.41,1133.18,141.55,95.71,790.23
704,20241204,2847.32,1048.23,78.8,18.42,1292.43
705,20241205,1961.92,1126.28,195.64,31.49,928.68
706,20241206,2776.99,827.3,138.82,48.68,1261.97
707,20241207,1021.64,1306.49,51.89,18.1,480.71
708,20241208,1696.49,1459.17,172.45,27.44,801.63
709,20241209,1094.22,1109.64,62.8,9.87,524.75
710,20241210,1089.45,653.64,93.21,62.76,517.92
711,20241211,2213.05,1291.08,56.72,10.12,1023.72
712,20241212,1281.28,861.72,105.51,14.27,612.88
713,20241213,1997.37,1035.16,190.01,93.95,928.39
714,20241214,2699.64,1299.24,190.64,97.38,1229.88
715,20241215,2421.74,1326.36,58.06,39.54,1126.96
716,20241216,2837.65,650.67,126.68,63.91,1294.41
717,20241217,1408.44,1027.14,69.22,22.83,668.32
718,20241218,2971.88,1263.3400000000001,144.91,46.97,1382.14
719,20241219,2071.92,1499.54,97.35,11.2,964.93
720,20241220,2595.38,569.93,90.02,41.26,1203.68
721,20241221,1039.17,1365.59,104.53,65.85,495.59
722,20241222,2967.01,623.55,104.28,34.77,1372.73
723,20241223,2389.45,1141.02,151.32,85.74,1113.12
724,20241224,2477.66,927.97,191.57,80.72,1152.11
725,20241225,2543.21,817.44,110.38,21.24,1168.78
726,20241226,2941.77,901.26,124.78,83.01,1370.57
727,20241227,2025.54,743.86,114.49,65.2,922.57
728,20241228,1787.93,671.46,118.87,54.15,848.22
729,20241229,2011.84,1485.67,64.29,7.71,926.4
730,20241230,2793.67,519.68,96.91,50.61,1299.64
731,20241231,1711.29,778.97,104.09,51.33,811.35
732,20250101,2502.91,502.83,153.1,20.79,1152.41
733,20250102,2451.31,1225.54,160.81,109.92,1139.35
734,20250103,1890.91,844.61,64.7,11.62,883.84
735,20250104,2937.13,1058.23,153.25,20.54,1364.83
736,20250105,1858.04,798.92,146.57,75.11,874.17
737,20250106,1203.55,550.48,122.84,85.28,557.07
738,20250107,1071.5,657.94,116.62,19.71,514.1
739,20250108,1645.55,851.57,116.3,44.79,761.76
740,20250109,1392.67,539.15,54.61,23.45,668.89
741,20250110,1982.52,1480.88,129.99,64.99,936.33
742,20250111,1823.3,904.12,93.56,17.96,861.03
743,20250112,2441.76,749.04,133.59,29.1,1148.7
744,20250113,1974.76,593.96,172.1,109.98,913.17
745,20250114,1678.84,1443.19,62.33,37.67,773.4
746,20250115,2464.01,795.47,146.77,20.8,1123.46
747,20250116,1501.68,764.38,63.37,40.95,698.83
748,20250117,1692.63,889.82,179.81,101.71,809.87
749,20250118,1894.3,738.52,83.31,19.49,871.07
750,20250119,1574.68,702.26,162.8,29.22,739.32
751,20250120,1976.27,661.99,109.16,14.32,917.29
752,20250121,1202.97,1478.71,120.78,56.63,566.73
753,20250122,1807.54,1107.45,125.79,48.55,842.43
754,20250123,1383.54,1197.79,164.57,23.72,657.05
755,20250124,1457.68,1198.86,184.47,47.49,681.26
756,20250125,1122.8,1311.67,179.9,24.0,534.25
757,20250126,1357.5,1406.67,142.63,49.43,629.22
758,20250127,1746.71,697.62,114.49,42.46,799.44
759,20250128,2429.19,1010.67,171.0,70.7,1139.54
760,20250129,1705.12,591.4,161.67,73.72,803.42
761,20250130,1822.95,854.62,129.45,68.34,857.11
762,20250131,2431.4,921.62,56.11,27.71,1117.71
763,20250201,2813.26,670.94,165.43,92.91,1278.71
764,20250202,2567.31,672.19,192.43,108.85,1169.46
765,20250203,1227.82,522.27,104.07,48.47,588.36
766,20250204,1116.87,1137.03,67.3,29.84,520.58
767,20250205,1753.0,844.8,111.68,37.31,831.34
768,20250206,2276.15,625.62,152.12,62.31,1065.16
769,20250207,2530.43,810.21,93.48,58.54,1173.83
770,20250208,1570.44,1412.72,73.56,20.42,717.38
771,20250209,2043.72,1319.6100000000001,87.84,33.96,940.23
772,20250210,1849.88,1226.5,74.81,48.49,868.13
773,20250211,1994.45,1055.83,115.96,30.36,1125.425
774,20250212,2988.79,1103.96,142.62,56.31,1382.72
775,20250213,2917.88,506.06,159.79,17.41,1362.31
776,20250214,2119.48,533.64,148.2,84.04,965.89
777,20250215,2978.42,1315.97,179.84,54.1,1358.74
778,20250216,1039.53,661.28,62.34,10.8,501.62
779,20250217,2740.5,746.18,150.97,37.91,1249.89
780,20250218,1445.24,836.01,139.09,88.75,669.16
781,20250219,1603.64,1143.05,164.41,89.75,758.84
782,20250220,1905.21,1353.86,150.41,44.11,869.52
783,20250221,2330.74,561.9,144.37,91.43,1087.65
784,20250222,2873.93,1243.55,122.61,22.78,1331.43
785,20250223,2658.42,1257.65,92.34,21.75,1225.06
786,20250224,1395.28,651.75,104.16,54.66,656.2
787,20250225,1874.74,1493.11,80.18,32.06,878.16
788,20250226,1221.24,1417.46,170.05,87.51,596.5
789,20250227,2480.22,1376.8,65.76,44.75,1154.1
790,20250228,1594.25,1181.93,112.17,61.56,749.47
791,20250301,2610.51,531.05,58.7,25.66,1209.0
792,20250302,1843.26,1077.78,195.55,99.59,875.23
793,20250303,2139.1,654.44,134.41,92.89,995.22
794,20250304,2524.3,1372.1,88.91,10.16,1156.12
795,20250305,2816.3,640.81,84.1,41.22,1288.04
796,20250306,1672.78,1186.51,121.5,68.05,798.04
797,20250307,1554.61,1098.39,59.14,18.85,713.76
798,20250308,2260.53,670.46,147.92,95.52,1065.18
799,20250309,1947.27,1484.38,179.84,80.65,920.22
800,20250310,2332.54,1419.36,124.65,37.2,1077.99
801,20250311,2832.54,556.52,80.48,26.76,1318.17
802,20250312,1833.11,1390.2,57.91,40.32,837.28
803,20250313,2106.14,1327.45,172.79,104.94,978.02
804,20250314,1196.16,629.44,139.55,26.14,576.15
805,20250315,2953.66,1422.58,146.55,84.19,1371.28
806,20250316,2993.35,1432.84,163.09,84.17,1395.89
807,20250317,1540.2,1346.23,122.7,76.46,704.01
808,20250318,1868.04,669.34,121.53,52.86,869.14
809,20250319,2346.75,1048.75,94.27,60.37,1078.59
810,20250320,2470.4,1466.84,160.86,55.8,1127.37
811,20250321,1146.76,944.89,136.2,79.38,540.26
812,20250322,1216.73,1279.05,131.0,50.25,581.18
813,20250323,1218.94,1145.41,57.16,31.72,584.06
814,20250324,1135.98,574.52,196.12,38.05,522.44
815,20250325,1965.33,786.47,97.96,51.29,919.95
816,20250326,2388.9,958.95,92.54,45.75,1116.75
817,20250327,2114.72,738.2,58.66,24.16,1001.28
818,20250328,2184.87,1118.1,65.55,18.97,1028.22
819,20250329,1003.3,963.91,171.19,60.44,499.26
820,20250330,1258.16,984.49,77.43,47.01,593.59
821,20250331,1520.95,1436.03,99.78,68.73,705.53
822,20250401,1842.93,954.41,58.18,33.48,842.1
823,20250402,2443.28,588.98,157.42,19.62,1130.6
824,20250403,1622.84,1380.04,71.09,40.45,751.18
825,20250404,1666.43,1360.89,148.83,73.69,789.9
826,20250405,1146.7,869.54,175.57,54.0,541.46
827,20250406,1467.9,931.97,155.05,78.26,688.4
828,20250407,1713.78,885.0,94.92,12.15,796.17
829,20250408,1600.22,1002.38,163.53,85.56,733.44
830,20250409,1588.99,781.89,140.3,21.27,737.08
831,20250410,1379.42,721.57,99.44,69.27,657.26
832,20250411,2267.2,596.05,90.11,60.95,1060.36
833,20250412,1516.95,677.95,194.24,77.95,704.97
834,20250413,1245.92,678.25,72.08,28.2,602.91
835,20250414,2743.22,1123.82,191.51,70.67,1274.11
836,20250415,1322.38,928.76,169.43,98.21,642.82
837,20250416,2364.65,510.72,198.51,115.89,1074.95
838,20250417,1246.54,567.18,152.8,79.01,586.16
839,20250418,2330.69,856.04,153.11,105.25,1065.86
840,20250419,2460.59,1321.66,179.57,98.05,1122.37
841,20250420,2856.37,923.72,59.58,16.72,1304.44
842,20250421,1457.49,793.91,82.45,18.04,702.68
843,20250422,1772.03,1083.75,177.4,88.04,810.17
844,20250423,1677.25,615.83,88.51,19.96,804.74
845,20250424,1165.29,589.7,180.34,54.81,570.08
846,20250425,2483.37,975.67,185.07,22.36,1167.09
847,20250426,1426.21,558.64,72.08,43.24,671.83
848,20250427,2495.2,1293.05,160.63,63.4,1158.09
849,20250428,1518.53,1336.88,114.75,42.99,726.42
850,20250429,1639.94,1001.11,56.4,36.09,768.47
851,20250430,2610.43,1182.43,138.53,92.85,1216.6
852,20250501,2961.34,837.38,188.21,26.63,1353.16
853,20250502,2538.41,603.39,133.63,33.91,1186.92
854,20250503,1341.12,602.48,138.21,38.44,649.9
855,20250504,2961.39,1283.76,72.44,41.68,1345.53
856,20250505,2029.42,1444.25,60.86,39.7,946.05
857,20250506,1748.11,1334.46,181.09,77.84,832.62
858,20250507,1396.84,1204.83,68.05,14.65,645.69
859,20250508,1166.79,1253.99,128.1,56.08,552.62
860,20250509,2400.9,758.63,175.16,115.29,1127.29
861,20250510,2758.32,800.6,142.51,28.01,1280.87
862,20250511,1970.04,644.69,157.9,46.92,917.39
863,20250512,2581.32,1031.15,56.63,28.47,1201.73
864,20250513,1432.45,672.55,67.33,30.69,667.96
865,20250514,1006.81,1121.78,134.61,27.0,500.72
866,20250515,1168.77,1446.39,179.79,63.69,560.58
867,20250516,1476.56,1189.65,56.32,16.55,699.08
868,20250517,2984.18,932.91,141.84,27.33,1359.72
869,20250518,2809.9,1469.3,116.88,30.51,1301.69
870,20250519,1937.52,1178.83,160.73,32.76,919.44
871,20250520,2530.76,1046.6,168.04,89.84,1184.37
872,20250521,1775.43,1073.72,98.13,16.39,828.31
873,20250522,1591.13,1390.25,56.24,11.55,753.22
874,20250523,2664.9,900.7,160.05,95.79,1244.2
875,20250524,1220.65,618.92,131.07,48.4,586.77
876,20250525,1493.16,1252.94,78.74,41.39,710.75
877,20250526,2379.65,1387.24,157.49,61.33,1092.1
878,20250527,2076.5,969.03,120.15,21.23,959.43
879,20250528,2192.49,608.76,172.31,82.01,1025.7
880,20250529,1047.19,1080.83,97.48,63.09,502.41
881,20250530,1671.82,1131.65,134.39,81.12,780.06
882,20250531,1128.3,998.18,111.8,19.1,554.46
883,20250601,2505.51,790.32,91.27,25.0,1173.71
884,20250602,1372.28,1096.21,117.5,19.25,631.64
885,20250603,2205.35,866.45,177.34,39.86,1021.62
886,20250604,1591.8,636.69,108.96,75.65,749.31
887,20250605,1548.26,1054.19,190.03,92.48,743.34
888,20250606,1833.51,857.63,133.99,81.24,860.71
889,20250607,2769.19,1063.61,103.85,36.37,1291.01
890,20250608,1480.41,1019.07,121.92,35.22,689.16
891,20250609,1861.28,903.97,129.71,43.56,858.24
892,20250610,1499.44,1116.275,107.89,19.75,698.06
893,20250611,2936.33,1328.58,110.48,27.44,1340.05
894,20250612,1032.64,642.87,90.07,58.55,476.58
895,20250613,2661.27,1011.79,185.1,108.37,1235.42
896,20250614,1635.57,1440.07,139.56,40.72,772.0
897,20250615,2540.26,539.47,79.9,55.31,1183.65
898,20250616,2313.85,524.48,172.72,114.32,1058.12
899,20250617,1549.29,644.37,141.88,85.65,737.11
900,20250618,2433.46,1109.29,109.6,14.25,1117.66
901,20250619,1301.88,1418.59,176.49,83.72,633.59
902,20250620,2711.74,1296.68,104.01,72.58,1243.92
903,20250621,2711.65,1086.88,58.39,10.41,1265.91
904,20250622,1952.51,626.63,118.03,30.08,911.53
905,20250623,1896.19,561.72,98.11,12.03,874.97
906,20250624,1162.76,1105.94,96.28,60.29,549.7
907,20250625,1726.31,679.27,98.72,47.44,807.28
908,20250626,1968.3,1062.23,105.44,14.99,921.44
909,20250627,2045.51,1485.0,154.53,49.33,945.15
910,20250628,1685.48,1420.34,149.84,88.04,806.96
911,20250629,1580.38,910.22,79.31,30.37,731.19
912,20250630,2940.95,999.39,150.09,44.6,1361.15
913,20250701,1413.84,1041.87,117.65,73.07,673.23
914,20250702,2947.43,1257.38,198.64,94.79,1347.51
915,20250703,1838.27,1110.16,106.28,63.32,854.59
916,20250704,2617.79,983.58,98.7,12.83,1198.11
917,20250705,1241.86,1429.56,139.5,45.83,607.76
918,20250706,2646.84,953.87,62.36,8.86,1240.35
919,20250707,2453.79,1205.24,116.96,15.36,1140.6
920,20250708,1747.16,559.88,94.51,62.73,815.57
921,20250709,1974.87,777.86,80.14,31.63,924.82
922,20250710,1378.01,689.89,120.97,41.63,664.3
923,20250711,1772.93,711.51,154.24,94.37,837.98
924,20250712,2851.04,1167.7,113.59,49.43,1332.94
925,20250713,2936.51,545.53,99.76,51.19,1345.6
926,20250714,2203.01,1467.73,125.77,81.5,1013.56
927,20250715,1130.44,1010.06,62.48,40.38,519.22
928,20250716,1804.39,821.34,54.69,22.1,822.86
929,20250717,1354.07,1003.51,64.12,20.81,649.59
930,20250718,2744.04,938.6,59.38,40.21,1267.8
931,20250719,2802.11,616.56,180.0,117.32,1294.86
932,20250720,2715.25,637.07,146.61,71.78,1233.58
933,20250721,1614.09,948.87,109.41,30.91,769.79
934,20250722,2338.6,510.69,155.67,26.88,1079.21
935,20250723,2015.29,1193.98,172.36,77.4,924.1
936,20250724,2623.67,979.5,107.06,74.89,1202.16
937,20250725,1013.04,1193.94,192.36,93.47,505.75
938,20250726,2941.96,713.83,178.25,96.7,1373.54
939,20250727,1005.07,1387.59,153.23,86.27,463.31
940,20250728,1498.89,635.14,147.75,21.08,687.38
941,20250729,1087.56,586.67,151.3,84.15,525.32
942,20250730,1534.18,1395.7,120.84,53.62,736.62
943,20250731,2811.52,913.99,156.37,54.35,1291.16
944,20250801,2602.94,819.41,72.19,29.7,1181.76
945,20250802,1498.31,1192.13,137.09,31.55,705.88
946,20250803,1429.77,1054.75,169.25,71.82,668.52
947,20250804,2573.72,1049.395,97.03,26.89,1194.13
948,20250805,1285.7,1044.04,140.69,79.31,596.6
949,20250806,2011.8,1155.14,72.3,20.68,954.54
950,20250807,1770.61,639.77,129.38,88.9,819.82
951,20250808,2146.23,931.35,78.74,53.71,996.51
952,20250809,2928.32,728.52,80.39,46.81,1352.94
953,20250810,2763.81,700.68,131.5,67.5,1287.1
954,20250811,1406.74,646.9,81.87,9.02,657.27
955,20250812,1126.65,516.86,120.43,75.27,531.18
956,20250813,1372.44,600.91,195.11,30.29,638.42
957,20250814,2743.57,1386.84,98.47,13.94,1260.5
958,20250815,1257.92,699.92,72.46,13.47,586.13
959,20250816,2857.28,574.54,128.73,26.46,1324.18
960,20250817,2193.57,774.55,102.16,50.78,1025.65
961,20250818,2476.67,1380.52,163.41,57.86,1131.93
962,20250819,2552.88,948.29,128.59,42.46,1174.95
963,20250820,2223.67,507.74,160.52,65.76,1016.94
964,20250821,2595.36,842.6,67.45,35.96,1202.71
965,20250822,1098.09,1148.89,190.57,32.72,534.69
966,20250823,1115.71,646.15,58.81,28.42,544.44
967,20250824,1911.21,1201.45,186.73,124.97,894.57
968,20250825,1797.35,1321.56,124.32,81.91,822.1
969,20250826,2733.13,881.98,110.58,30.88,1269.86
970,20250827,1128.24,539.42,76.27,35.39,551.55
971,20250828,1090.03,872.05,123.64,25.3,514.95
972,20250829,2496.27,918.64,182.79,126.59,1145.04
973,20250830,2795.23,1431.08,65.65,10.68,1274.21
974,20250831,1558.99,1347.98,178.11,50.99,750.89
975,20250901,2026.69,1264.88,81.93,46.91,960.11
976,20250902,1170.36,737.73,117.42,32.82,565.57
977,20250903,2247.54,589.32,139.09,69.25,1044.62
978,20250904,2645.92,550.1,184.22,96.55,1201.76
979,20250905,1348.98,957.1,52.4,7.45,633.56
980,20250906,2390.03,1481.21,58.84,8.82,1112.65
981,20250907,2913.68,1003.03,102.33,20.62,1340.62
982,20250908,1010.56,853.63,131.5,36.43,467.81
983,20250909,2905.24,1133.13,183.28,74.24,1325.66
984,20250910,1278.35,776.09,150.65,85.44,622.35
985,20250911,1742.51,1425.82,148.55,57.46,798.83
986,20250912,2842.3,1004.59,184.61,82.3,972.4850000000001
987,20250913,2442.67,687.73,135.38,38.18,1146.14
988,20250914,2999.84,1307.33,58.81,40.34,1369.09
989,20250915,1485.98,634.3,124.98,62.42,716.68
990,20250916,2309.13,1202.7,129.01,56.34,1085.3
991,20250917,1190.32,828.39,65.45,16.88,585.02
992,20250918,2770.09,646.94,110.91,49.3,1258.76
993,20250919,2192.49,708.56,74.2,44.41,1020.05
994,20250920,1264.77,1214.19,50.54,24.01,606.7
995,20250921,2654.28,757.92,72.44,34.65,1240.64
996,20250922,1330.71,1356.1,197.7,108.15,620.17
997,20250923,2022.14,575.6,91.31,11.92,932.44
998,20250924,1227.49,523.24,62.81,22.3,586.11
999,20250925,1039.81,783.12,96.57,58.2,484.47
1000,20250926,2910.47,990.49,138.4,61.71,1330.51
1001,20250927,2136.73,1368.3,170.77,100.82,991.06
1002,20250928,1008.64,1286.47,162.91,77.17,477.4
1003,20250929,2814.87,1433.58,91.8,47.51,1278.12
1004,20250930,2658.1,1252.77,166.07,57.15,1219.55
1005,20251001,1303.82,1071.96,82.09,51.95,635.6
1006,20251002,2432.44,574.03,158.1,70.12,1128.81
1007,20251003,1218.18,558.54,91.52,38.44,578.28
1008,20251004,1424.38,1052.63,175.77,104.97,678.65
1009,20251005,1738.21,893.82,68.57,29.47,794.36
1010,20251006,1949.69,538.6,198.89,49.82,890.69
1011,20251007,1566.22,929.0,93.61,30.77,718.84
1012,20251008,2890.93,532.92,139.18,82.0,1320.49
1013,20251009,1105.89,879.25,99.77,55.04,520.39
1014,20251010,1151.37,662.5,84.52,54.52,560.71
1015,20251011,2982.92,781.0,88.17,43.27,1362.55
1016,20251012,1416.32,984.61,199.78,121.04,649.67
1017,20251013,1944.01,1124.25,175.68,56.54,889.73
1018,20251014,2614.28,1108.9,86.11,35.65,1200.69
1019,20251015,1406.42,1193.76,59.06,25.47,656.38
1020,20251016,1087.96,1305.81,177.3,97.83,520.7
1021,20251017,2764.56,1338.3,157.91,82.77,1278.02
1022,20251018,1707.17,873.7,89.88,10.25,816.0
1023,20251019,2797.02,1353.68,53.4,23.08,1284.11
1024,20251020,1575.3,1055.88,141.84,21.99,751.52
1025,20251021,2183.29,1365.6,172.85,71.05,1021.6
1026,20251022,1503.34,1156.71,66.98,6.92,713.28
1027,20251023,1134.68,1161.43,180.38,119.61,548.24
1028,20251024,2639.06,917.33,132.02,28.55,1233.82
1029,20251025,2516.27,1246.88,71.79,30.03,1148.64
1030,20251026,1205.36,996.68,167.51,58.8,563.78
1031,20251027,2558.81,1146.55,143.04,39.31,1164.74
1032,20251028,2037.79,1415.94,144.5,36.04,932.24
1033,20251029,1484.85,1063.54,122.06,43.56,691.02
1034,20251030,2634.31,1268.21,103.0,57.37,1219.11
1035,20251031,1452.45,1306.13,54.34,7.0,699.28
1036,20251101,1194.01,1344.05,197.87,114.34,581.65
1037,20251102,2641.55,885.8,172.35,80.18,1225.55
1038,20251103,2543.83,960.07,167.86,52.47,1157.12
1039,20251104,1331.36,556.46,199.94,90.88,610.93
1040,20251105,1933.85,832.1,168.24,56.79,882.01
1041,20251106,1866.03,1383.04,60.07,25.06,857.54
1042,20251107,2086.81,1307.65,87.89,45.18,980.91
1043,20251108,1073.96,770.95,86.36,14.0,505.28
1044,20251109,1015.36,789.54,161.86,45.15,501.86
1045,20251110,1505.68,1104.7,193.38,126.76,711.96
1046,20251111,1528.64,1148.25,161.56,93.28,699.18
1047,20251112,2250.46,863.89,193.02,119.7,1047.98
1048,20251113,1252.29,1063.95,131.0,60.62,602.43
1049,20251114,2739.31,665.09,169.03,116.04,1246.89
1050,20251115,2788.98,529.35,53.06,27.48,1303.14
1051,20251116,2642.22,612.62,87.35,16.77,1228.78
1052,20251117,1534.68,910.68,136.64,68.23,1059.805
1053,20251118,1878.5,1181.24,83.36,36.31,890.83
1054,20251119,1644.58,1113.26,56.88,32.09,756.84
1055,20251120,2046.08,619.14,82.52,34.82,950.47
1056,20251121,2180.74,938.39,152.48,67.97,1014.02
1057,20251122,2639.11,545.27,160.09,75.69,1210.99
1058,20251123,2690.43,628.35,164.0,78.34,1253.26
1059,20251124,2148.78,600.52,194.94,81.78,978.42
1060,20251125,2854.94,750.67,107.29,19.02,1299.08
1061,20251126,2521.81,582.99,84.52,31.88,1170.67
1062,20251127,2833.58,576.29,175.12,32.88,1286.28
1063,20251128,2440.67,590.28,143.33,90.76,1136.76
1064,20251129,1083.88,670.8499999999999,87.42,49.85,503.37
1065,20251130,1398.46,751.42,170.96,85.44,641.07
1066,20251201,1347.97,544.6,167.11,16.9,641.18
1067,20251202,1485.44,1042.85,175.51,109.98,710.06
1068,20251203,1842.25,1147.89,138.47,96.79,793.44
1069,20251204,1906.91,1105.65,163.2,108.04,876.82
1070,20251205,1957.77,1154.4,166.67,97.27,920.44
1071,20251206,1565.03,1126.47,68.11,28.79,752.64
1072,20251207,1038.38,1421.15,186.91,43.58,502.52
1073,20251208,1726.75,1042.82,190.03,98.21,787.72
1074,20251209,2625.71,623.85,128.05,76.95,1194.6
1075,20251210,1059.63,1183.8,79.93,20.13,501.26
1076,20251211,2594.8,1192.35,93.14,12.46,1195.57
1077,20251212,2895.16,641.35,124.32,21.19,1335.03
1078,20251213,2541.39,1167.27,171.5,57.05,1191.09
1079,20251214,1866.0,1134.05,122.67,53.16,851.63
1080,20251215,1516.34,1306.51,141.7,76.39,716.24
1081,20251216,1815.55,579.69,193.18,109.0,864.46
1082,20251217,2695.86,1279.29,126.33,42.36,1236.64
1083,20251218,1034.88,539.71,115.38,22.88,492.49
1084,20251219,1898.52,802.68,141.23,20.79,871.77
1085,20251220,2445.97,1439.57,106.7,36.28,1120.82
1086,20251221,1174.32,1108.51,180.57,88.31,557.13
1087,20251222,2662.67,554.53,189.02,23.14,1227.58
1088,20251223,2201.67,1233.18,163.41,32.15,1032.76
1089,20251224,2219.9,731.38,141.78,97.76,1034.19
1090,20251225,1449.55,1046.01,156.31,83.36,677.93
1091,20251226,1450.25,1341.29,98.69,13.04,676.66
1092,20251227,1679.38,874.34,96.04,41.13,784.13
1093,20251228,2137.71,1478.17,104.08,27.27,983.89
1094,20251229,1147.99,1344.3,73.98,42.65,531.25
1095,20251230,2231.43,775.14,82.23,43.98,1020.05
1096,20251231,2282.19,632.89,193.21,69.58,1037.18
